id,name
10344,3rd age amulet
20011,3rd age axe
12424,3rd age bow
12437,3rd age cloak
23345,3rd age druidic cloak
23339,3rd age druidic robe bottoms
23336,3rd age druidic robe top
23342,3rd age druidic staff
10350,3rd age full helmet
10352,3rd age kiteshield
12426,3rd age longsword
10342,3rd age mage hat
20014,3rd age pickaxe
10348,3rd age platebody
10346,3rd age platelegs
23242,3rd age plateskirt
10334,3rd age range coif
10332,3rd age range legs
10330,3rd age range top
10340,3rd age robe
10338,3rd age robe top
10336,3rd age vambraces
12422,3rd age wand
10392,A powdered wig
13263,Abyssal bludgeon
11095,Abyssal bracelet(5)
13265,Abyssal dagger
13267,Abyssal dagger (p)
13269,Abyssal dagger (p+)
13271,Abyssal dagger (p++)
4151,Abyssal whip
2862,Achey tree logs
5312,Acorn
1317,Adamant 2h sword
890,Adamant arrow
891,Adamant arrow(p)
5620,Adamant arrow(p+)
5626,Adamant arrow(p++)
43,Adamant arrowtips
1357,Adamant axe
1371,Adamant battleaxe
9143,Adamant bolts
9290,Adamant bolts (p)
9297,Adamant bolts (p+)
9304,Adamant bolts (p++)
9380,Adamant bolts(unf)
4129,Adamant boots
4798,Adamant brutal
12377,Adamant cane
1111,Adamant chainbody
3100,Adamant claws
9183,Adamant crossbow
9463,Adamant crossbow (u)
1211,Adamant dagger
1227,Adamant dagger(p)
5676,Adamant dagger(p+)
5694,Adamant dagger(p++)
810,Adamant dart
823,Adamant dart tip
816,Adamant dart(p)
5633,Adamant dart(p+)
5640,Adamant dart(p++)
23270,Adamant dragon mask
1161,Adamant full helm
2613,Adamant full helm (g)
2605,Adamant full helm (t)
13020,Adamant gold-trimmed set (lg)
13022,Adamant gold-trimmed set (sk)
3200,Adamant halberd
11375,Adamant hasta
11407,Adamant hasta(p)
11410,Adamant hasta(p+)
11412,Adamant hasta(p++)
10296,Adamant helm (h1)
10298,Adamant helm (h2)
10300,Adamant helm (h3)
10302,Adamant helm (h4)
10304,Adamant helm (h5)
829,Adamant javelin
19578,Adamant javelin heads
835,Adamant javelin(p)
5646,Adamant javelin(p+)
5652,Adamant javelin(p++)
1199,Adamant kiteshield
2611,Adamant kiteshield (g)
2603,Adamant kiteshield (t)
867,Adamant knife
875,Adamant knife(p)
5659,Adamant knife(p+)
5666,Adamant knife(p++)
1301,Adamant longsword
1430,Adamant mace
1145,Adamant med helm
1271,Adamant pickaxe
1123,Adamant platebody
2607,Adamant platebody (g)
23392,Adamant platebody (h1)
23395,Adamant platebody (h2)
23398,Adamant platebody (h3)
23401,Adamant platebody (h4)
23404,Adamant platebody (h5)
2599,Adamant platebody (t)
1073,Adamant platelegs
2609,Adamant platelegs (g)
2601,Adamant platelegs (t)
1091,Adamant plateskirt
3475,Adamant plateskirt (g)
3474,Adamant plateskirt (t)
1331,Adamant scimitar
13012,Adamant set (lg)
13014,Adamant set (sk)
7334,Adamant shield (h1)
7340,Adamant shield (h2)
7346,Adamant shield (h3)
7352,Adamant shield (h4)
7358,Adamant shield (h5)
1245,Adamant spear
1259,Adamant spear(p)
5712,Adamant spear(p+)
5726,Adamant spear(p++)
1183,Adamant sq shield
1287,Adamant sword
804,Adamant thrownaxe
13016,Adamant trimmed set (lg)
13018,Adamant trimmed set (sk)
1345,Adamant warhammer
2361,Adamantite bar
9429,Adamantite limbs
4823,Adamantite nails
449,Adamantite ore
7198,Admiral pie
12430,Afro
11463,Agility mix(1)
11461,Agility mix(2)
3038,Agility potion(1)
3036,Agility potion(2)
3034,Agility potion(3)
3032,Agility potion(4)
12881,Ahrim's armour set
4708,Ahrim's hood
4860,Ahrim's hood 0
4714,Ahrim's robeskirt
4878,Ahrim's robeskirt 0
4712,Ahrim's robetop
4872,Ahrim's robetop 0
4710,Ahrim's staff
4866,Ahrim's staff 0
1397,Air battlestaff
573,Air orb
556,Air rune
1438,Air talisman
5527,Air tiara
4436,Airtight pot
20056,Ale of the gods
5767,Ale yeast
21347,Amethyst
21326,Amethyst arrow
21332,Amethyst arrow(p)
21334,Amethyst arrow(p+)
21336,Amethyst arrow(p++)
21350,Amethyst arrowtips
21338,Amethyst bolt tips
21316,Amethyst broad bolts
21318,Amethyst javelin
21352,Amethyst javelin heads
21320,Amethyst javelin(p)
21322,Amethyst javelin(p+)
21324,Amethyst javelin(p++)
1595,Amulet mould
1478,Amulet of accuracy
22557,Amulet of avarice
21160,Amulet of bounty
21163,Amulet of chemistry
1729,Amulet of defence
23309,Amulet of defence (t)
19707,Amulet of eternal glory
6585,Amulet of fury
1704,Amulet of glory
10362,Amulet of glory (t)
10354,Amulet of glory (t4)
11964,Amulet of glory (t6)
1712,Amulet of glory(4)
11978,Amulet of glory(6)
1727,Amulet of magic
10366,Amulet of magic (t)
1731,Amulet of power
23354,Amulet of power (t)
1725,Amulet of strength
12851,Amulet of the damned (full)
19553,Amulet of torture
12640,Amylase crystal
21018,Ancestral hat
21024,Ancestral robe bottom
21021,Ancestral robe top
21049,Ancestral robes set
319,Anchovies
2297,Anchovy pizza
20235,Ancient blessing
12490,Ancient bracers
12494,Ancient chaps
12197,Ancient cloak
12496,Ancient coif
12199,Ancient crozier
21804,Ancient crystal
12492,Ancient d'hide body
19921,Ancient d'hide boots
23197,Ancient d'hide shield
13171,Ancient dragonhide set
22302,Ancient effigy
21807,Ancient emblem
12466,Ancient full helm
12468,Ancient kiteshield
11061,Ancient mace
22299,Ancient medallion
12203,Ancient mitre
12621,Ancient page 1
12622,Ancient page 2
12623,Ancient page 3
12624,Ancient page 4
12460,Ancient platebody
12462,Ancient platelegs
12464,Ancient plateskirt
22305,Ancient relic
12195,Ancient robe legs
12193,Ancient robe top
13060,Ancient rune armour set (lg)
13062,Ancient rune armour set (sk)
4675,Ancient staff
21813,Ancient statuette
12201,Ancient stole
21810,Ancient totem
21634,Ancient wyvern shield
13441,Anglerfish
22246,Anguish ornament kit
20101,Ankou gloves
20104,Ankou leggings
20095,Ankou mask
20107,Ankou socks
20098,Ankou top
12775,Annakarl teleport
1540,Anti-dragon shield
11475,Anti-poison supermix(1)
11473,Anti-poison supermix(2)
12911,Anti-venom(1)
12909,Anti-venom(2)
12907,Anti-venom(3)
12905,Anti-venom(4)
12919,Anti-venom+(1)
12917,Anti-venom+(2)
12915,Anti-venom+(3)
12913,Anti-venom+(4)
11503,Antidote+ mix(1)
11501,Antidote+ mix(2)
5949,Antidote+(1)
5947,Antidote+(2)
5945,Antidote+(3)
5943,Antidote+(4)
5958,Antidote++(1)
5956,Antidote++(2)
5954,Antidote++(3)
5952,Antidote++(4)
11507,Antifire mix(1)
11505,Antifire mix(2)
2458,Antifire potion(1)
2456,Antifire potion(2)
2454,Antifire potion(3)
2452,Antifire potion(4)
11435,Antipoison mix(1)
11433,Antipoison mix(2)
179,Antipoison(1)
177,Antipoison(2)
175,Antipoison(3)
2446,Antipoison(4)
19631,Ape atoll teleport
5992,Apple mush
2323,Apple pie
5496,Apple sapling
5283,Apple tree seed
5386,Apples(5)
6910,Apprentice wand
21079,Arcane prayer scroll
12827,Arcane sigil
12825,Arcane spirit shield
20251,Arceuus banner
20113,Arceuus hood
19943,Arceuus scarf
3749,Archer helm
6733,Archers ring
1464,Archery ticket
10810,Arctic pine logs
10808,Arctic pyre logs
8011,Ardougne teleport
6891,Arena book
12506,Armadyl bracers
11830,Armadyl chainskirt
12510,Armadyl chaps
11828,Armadyl chestplate
12261,Armadyl cloak
12512,Armadyl coif
11785,Armadyl crossbow
12263,Armadyl crozier
12508,Armadyl d'hide body
19930,Armadyl d'hide boots
23200,Armadyl d'hide shield
13169,Armadyl dragonhide set
12476,Armadyl full helm
11802,Armadyl godsword
20068,Armadyl godsword ornament kit
11826,Armadyl helmet
11810,Armadyl hilt
12478,Armadyl kiteshield
12259,Armadyl mitre
12617,Armadyl page 1
12618,Armadyl page 2
12619,Armadyl page 3
12620,Armadyl page 4
12470,Armadyl platebody
12472,Armadyl platelegs
12474,Armadyl plateskirt
12255,Armadyl robe legs
12253,Armadyl robe top
13052,Armadyl rune armour set (lg)
13054,Armadyl rune armour set (sk)
12257,Armadyl stole
52,Arrow shaft
1905,Asgarnian ale
8520,Asgarnian ale
5785,Asgarnian ale(4)
5739,Asgarnian ale(m)
5865,Asgarnian ale(m4)
5996,Asgarnian hops
5308,Asgarnian seed
592,Ashes
2460,Assorted flowers
9075,Astral rune
3402,Asyn remains
11431,Attack mix(1)
11429,Attack mix(2)
125,Attack potion(1)
123,Attack potion(2)
121,Attack potion(3)
2428,Attack potion(4)
261,Avantoe
103,Avantoe potion (unf)
5298,Avantoe seed
22477,Avernic defender hilt
5751,Axeman's folly
5825,Axeman's folly(4)
5753,Axeman's folly(m)
5905,Axeman's folly(m4)
11238,Baby impling jar
534,Babydragon bones
4161,Bag of salt
8455,Bagged bluebells
8453,Bagged daffodils
8417,Bagged dead tree
8451,Bagged flower
8429,Bagged magic tree
8425,Bagged maple tree
8459,Bagged marigolds
8419,Bagged nice tree
8421,Bagged oak tree
8431,Bagged plant 1
8433,Bagged plant 2
8435,Bagged plant 3
8461,Bagged roses
8457,Bagged sunflower
8423,Bagged willow tree
8427,Bagged yew tree
6701,Baked potato
1759,Ball of wool
19592,Ballista limbs
19601,Ballista spring
1963,Banana
5497,Banana sapling
4016,Banana stew
5284,Banana tree seed
5416,Bananas(5)
8926,Bandana eyepatch
8925,Bandana eyepatch
8927,Bandana eyepatch
8924,Bandana eyepatch
4627,Bandit's brew
11836,Bandos boots
12498,Bandos bracers
12502,Bandos chaps
11832,Bandos chestplate
12273,Bandos cloak
12504,Bandos coif
12275,Bandos crozier
12500,Bandos d'hide body
19924,Bandos d'hide boots
23203,Bandos d'hide shield
13167,Bandos dragonhide set
12486,Bandos full helm
11804,Bandos godsword
20071,Bandos godsword ornament kit
11812,Bandos hilt
12488,Bandos kiteshield
12271,Bandos mitre
12613,Bandos page 1
12614,Bandos page 2
12615,Bandos page 3
12616,Bandos page 4
12480,Bandos platebody
12482,Bandos platelegs
12484,Bandos plateskirt
12267,Bandos robe legs
12265,Bandos robe top
13056,Bandos rune armour set (lg)
13058,Bandos rune armour set (sk)
12269,Bandos stole
11834,Bandos tassets
47,Barb bolttips
10129,Barb-tail harpoon
881,Barbed bolts
3239,Bark
6006,Barley
6008,Barley malt
5305,Barley seed
3216,Barrel
19629,Barrows teleport
22603,Basalt
24268,Basilisk jaw
5376,Basket
365,Bass
22470,Bastion potion(1)
22467,Bastion potion(2)
22464,Bastion potion(3)
22461,Bastion potion(4)
530,Bat bones
2164,Batta tin
22949,Battlefront teleport
22458,Battlemage potion(1)
22455,Battlemage potion(2)
22452,Battlemage potion(3)
22449,Battlemage potion(4)
1391,Battlestaff
12245,Beanie
23291,Bear feet
948,Bear fur
1917,Beer
8516,Beer barrel
1919,Beer glass
3803,Beer tankard
6908,Beginner wand
5281,Belladonna seed
3751,Berserker helm
11128,Berserker necklace
23237,Berserker necklace ornament kit
6737,Berserker ring
532,Big bones
305,Big fishing net
12355,Big pirate hat
5521,Binding necklace
21512,Bird house
5075,Bird nest
10006,Bird snare
1313,Black 2h sword
1361,Black axe
1367,Black battleaxe
1474,Black bead
2635,Black beret
7327,Black boater
4125,Black boots
4788,Black brutal
12375,Black cane
1019,Black cape
2643,Black cavalier
1107,Black chainbody
11959,Black chinchompa
3098,Black claws
2503,Black d'hide body
12381,Black d'hide body (g)
12385,Black d'hide body (t)
2497,Black d'hide chaps
12383,Black d'hide chaps (g)
12387,Black d'hide chaps (t)
22284,Black d'hide shield
2491,Black d'hide vambraces
1217,Black dagger
1233,Black dagger(p)
5682,Black dagger(p+)
5700,Black dagger(p++)
3093,Black dart
3094,Black dart(p)
5631,Black dart(p+)
5638,Black dart(p++)
20026,Black demon mask
6752,Black desert robe
6750,Black desert shirt
2509,Black dragon leather
12524,Black dragon mask
1747,Black dragonhide
12871,Black dragonhide set
10402,Black elegant legs
10400,Black elegant shirt
2476,Black flowers
1165,Black full helm
2595,Black full helm (g)
2587,Black full helm (t)
12996,Black gold-trimmed set (lg)
12998,Black gold-trimmed set (sk)
3196,Black halberd
2647,Black headband
10306,Black helm (h1)
10308,Black helm (h2)
10310,Black helm (h3)
10312,Black helm (h4)
10314,Black helm (h5)
1195,Black kiteshield
2597,Black kiteshield (g)
2589,Black kiteshield (t)
869,Black knife
874,Black knife(p)
5658,Black knife(p+)
5665,Black knife(p++)
20246,Black leprechaun hat
1297,Black longsword
1426,Black mace
8921,Black mask
8901,Black mask (10)
1151,Black med helm
4821,Black nails
12297,Black pickaxe
1125,Black platebody
2591,Black platebody (g)
23366,Black platebody (h1)
23369,Black platebody (h2)
23372,Black platebody (h3)
23375,Black platebody (h4)
23378,Black platebody (h5)
2583,Black platebody (t)
1077,Black platelegs
2593,Black platelegs (g)
2585,Black platelegs (t)
1089,Black plateskirt
3473,Black plateskirt (g)
3472,Black plateskirt (t)
581,Black robe
10148,Black salamander
1327,Black scimitar
12988,Black set (lg)
12990,Black set (sk)
7332,Black shield (h1)
7338,Black shield (h2)
7344,Black shield (h3)
7350,Black shield (h4)
7356,Black shield (h5)
1015,Black skirt
12445,Black skirt (g)
12447,Black skirt (t)
4580,Black spear
4582,Black spear(p)
5734,Black spear(p+)
5736,Black spear(p++)
10085,Black spiky vambraces
1179,Black sq shield
1283,Black sword
21730,Black tourmaline core
2524,Black toy horsey
12992,Black trimmed set (lg)
12994,Black trimmed set (sk)
20266,Black unicorn mask
1341,Black warhammer
10014,Black warlock
12453,Black wizard hat (g)
12455,Black wizard hat (t)
12449,Black wizard robe (g)
12451,Black wizard robe (t)
19988,Blacksmith's helm
23997,Blade of saeldor (inactive)
3353,Blamish bark shell
3361,Blamish blue shell
3351,Blamish blue shell
3345,Blamish myre shell
3355,Blamish myre shell
3349,Blamish ochre shell
3359,Blamish ochre shell
3357,Blamish red shell
3347,Blamish red shell
12831,Blessed spirit shield
565,Blood rune
3339,Blood'n'tar snelm
3329,Blood'n'tar snelm
22430,Bloody bracer
2633,Blue beret
7325,Blue boater
630,Blue boots
1021,Blue cape
2499,Blue d'hide body
7374,Blue d'hide body (g)
7376,Blue d'hide body (t)
2493,Blue d'hide chaps
7382,Blue d'hide chaps (g)
7384,Blue d'hide chaps (t)
22278,Blue d'hide shield
2487,Blue d'hide vambraces
12757,Blue dark bow paint
2505,Blue dragon leather
12520,Blue dragon mask
243,Blue dragon scale
1751,Blue dragonhide
12867,Blue dragonhide set
1767,Blue dye
10428,Blue elegant blouse
10410,Blue elegant legs
10408,Blue elegant shirt
10430,Blue elegant skirt
10089,Blue feather
7331,Blue firelighter
2464,Blue flowers
1055,Blue halloween mask
660,Blue hat
12301,Blue headband
1042,Blue partyhat
650,Blue robe bottoms
640,Blue robe top
1011,Blue skirt
7386,Blue skirt (g)
7388,Blue skirt (t)
10081,Blue spiky vambraces
579,Blue wizard hat
7394,Blue wizard hat (g)
7396,Blue wizard hat (t)
577,Blue wizard robe
7390,Blue wizard robe (g)
7392,Blue wizard robe (t)
22826,Bluegill
2064,Blurberry special
10322,Bob's black shirt
10318,Bob's blue shirt
10320,Bob's green shirt
10324,Bob's purple shirt
10316,Bob's red shirt
559,Body rune
1446,Body talisman
5533,Body tiara
9434,Bolt mould
8790,Bolt of cloth
4740,Bolt rack
8882,Bone bolts
5018,Bone club
8872,Bone dagger
8874,Bone dagger (p)
8876,Bone dagger (p+)
8878,Bone dagger (p++)
5016,Bone spear
526,Bones
8014,Bones to bananas
8015,Bones to peaches
13153,Book of balance page set
13159,Book of darkness page set
13157,Book of law page set
13155,Book of war page set
8510,Bookcase
22951,Boots of brimstone
20140,Boots of darkness
23037,Boots of stone
19662,Botanical pie
7919,Bottle of wine
23002,Bottled dragonbreath
22999,Bottled dragonbreath (unpowered)
22994,Bottomless compost bucket
24336,Bounty target teleport
12846,Bounty teleport scroll
1777,Bow string
1923,Bowl
4456,Bowl of hot water
1921,Bowl of water
20110,Bowl wig
10008,Box trap
11065,Bracelet mould
11074,Bracelet of clay
21817,Bracelet of ethereum (uncharged)
21183,Bracelet of slaughter
2021,Brandy
983,Brass key
1009,Brass necklace
2309,Bread
2307,Bread dough
12335,Briefcase
22975,Brimstone ring
11037,Brine sabre
11874,Broad arrowheads
11875,Broad bolts
3335,Broken bark snelm
22963,Broken dragon hasta
1307,Bronze 2h sword
882,Bronze arrow
883,Bronze arrow(p)
5616,Bronze arrow(p+)
5622,Bronze arrow(p++)
39,Bronze arrowtips
1351,Bronze axe
2349,Bronze bar
1375,Bronze battleaxe
877,Bronze bolts
878,Bronze bolts (p)
6061,Bronze bolts (p+)
6062,Bronze bolts (p++)
9375,Bronze bolts (unf)
4119,Bronze boots
4773,Bronze brutal
1103,Bronze chainbody
3095,Bronze claws
9174,Bronze crossbow
9454,Bronze crossbow (u)
1205,Bronze dagger
1221,Bronze dagger(p)
5670,Bronze dagger(p+)
5688,Bronze dagger(p++)
806,Bronze dart
819,Bronze dart tip
812,Bronze dart(p)
5628,Bronze dart(p+)
5635,Bronze dart(p++)
12363,Bronze dragon mask
1155,Bronze full helm
12211,Bronze full helm (g)
12221,Bronze full helm (t)
12968,Bronze gold-trimmed set (lg)
12970,Bronze gold-trimmed set (sk)
3190,Bronze halberd
11367,Bronze hasta
11379,Bronze hasta(p)
11382,Bronze hasta(p+)
11384,Bronze hasta(p++)
825,Bronze javelin
19570,Bronze javelin heads
831,Bronze javelin(p)
5642,Bronze javelin(p+)
5648,Bronze javelin(p++)
1189,Bronze kiteshield
12213,Bronze kiteshield (g)
12223,Bronze kiteshield (t)
864,Bronze knife
870,Bronze knife(p)
5654,Bronze knife(p+)
5661,Bronze knife(p++)
9420,Bronze limbs
1291,Bronze longsword
1422,Bronze mace
1139,Bronze med helm
4819,Bronze nails
1265,Bronze pickaxe
1117,Bronze platebody
12205,Bronze platebody (g)
12215,Bronze platebody (t)
1075,Bronze platelegs
12207,Bronze platelegs (g)
12217,Bronze platelegs (t)
1087,Bronze plateskirt
12209,Bronze plateskirt (g)
12219,Bronze plateskirt (t)
1321,Bronze scimitar
12960,Bronze set (lg)
12962,Bronze set (sk)
1237,Bronze spear
1251,Bronze spear(p)
5704,Bronze spear(p+)
5718,Bronze spear(p++)
1173,Bronze sq shield
1277,Bronze sword
800,Bronze thrownaxe
12964,Bronze trimmed set (lg)
12966,Bronze trimmed set (sk)
1337,Bronze warhammer
1794,Bronze wire
6257,Broodoo shield
6235,Broodoo shield
6279,Broodoo shield
6237,Broodoo shield (10)
6215,Broodoo shield (10)
6259,Broodoo shield (10)
1757,Brown apron
2649,Brown headband
2520,Brown toy horsey
3343,Bruise blue snelm
3333,Bruise blue snelm
22372,Bryophyta's essence
22368,Bryophyta's staff (uncharged)
1925,Bucket
19991,Bucket helm
20059,Bucket helm (g)
1927,Bucket of milk
1783,Bucket of sand
4687,Bucket of sap
1929,Bucket of water
30,Bucket of wax
4548,Bullseye lantern
4546,Bullseye lantern (empty)
4544,Bullseye lantern (unf)
21166,Burning amulet(5)
528,Burnt bones
20718,Burnt page
10012,Butterfly jar
10010,Butterfly net
1965,Cabbage
20272,Cabbage round shield
5324,Cabbage seed
5478,Cabbages(10)
5280,Cactus seed
6016,Cactus spine
265,Cadantine
22443,Cadantine blood potion (unf)
107,Cadantine potion (unf)
5301,Cadantine seed
753,Cadava berries
5102,Cadavaberry seed
1891,Cake
1887,Cake tin
21543,Calcite
5980,Calquat fruit
5769,Calquat keg
5503,Calquat sapling
5290,Calquat tree seed
8010,Camelot teleport
36,Candle
4532,Candle lantern
4529,Candle lantern
10,Cannon barrels
6,Cannon base
12,Cannon furnace
8,Cannon stand
2,Cannonball
23351,Cape of skulls
12776,Carrallangar teleport
8566,Carved oak bench
9853,Carved oak magic wardrobe
8552,Carved oak table
8570,Carved teak bench
9855,Carved teak magic wardrobe
8556,Carved teak table
405,Casket
11079,Castle wars bracelet(3)
12361,Cat mask
11280,Cavalier mask
5003,Cave eel
10981,Cave goblin wire
11326,Caviar
22935,Celastrus bark
22856,Celastrus sapling
22869,Celastrus seed
19627,Cemetery teleport
562,Chaos rune
1452,Chaos talisman
5543,Chaos tiara
973,Charcoal
20238,Charge dragonstone jewellery scroll
1985,Cheese
2259,Cheese+tom batta
8526,Chef's delight
5755,Chef's delight
5833,Chef's delight(4)
5757,Chef's delight(m)
5913,Chef's delight(m4)
1949,Chef's hat
7062,Chilli con carne
7054,Chilli potato
10033,Chinchompa
1755,Chisel
2074,Choc saturday
6794,Choc-ice
2209,Chocchip crunchies
1973,Chocolate bar
2185,Chocolate bomb
1897,Chocolate cake
1975,Chocolate dust
7074,Chopped garlic
1871,Chopped onion
1869,Chopped tomato
7086,Chopped tuna
1873,Chopped ugthanki
962,Christmas cracker
5763,Cider
8518,Cider barrel
5849,Cider(4)
5929,Cider(m4)
6169,Circular hide
9644,Citizen shoes
9640,Citizen top
9642,Citizen trousers
434,Clay
3188,Cleaning cloth
7451,Cleaver
3105,Climbing boots
23413,Climbing boots (g)
8792,Clockwork
12789,Clue box
453,Coal
2026,Cocktail glass
2023,Cocktail guide
2025,Cocktail shaker
5974,Coconut
5935,Coconut milk
339,Cod
1169,Coif
11126,Combat bracelet
11118,Combat bracelet(4)
11972,Combat bracelet(6)
11447,Combat mix(1)
11445,Combat mix(2)
13064,Combat potion set
9745,Combat potion(1)
9743,Combat potion(2)
9741,Combat potion(3)
9739,Combat potion(4)
10121,Common kebbit fur
22829,Common tench
4827,Comp ogre bow
6032,Compost
6476,Compost potion(1)
6474,Compost potion(2)
6472,Compost potion(3)
6470,Compost potion(4)
2140,Cooked chicken
2878,Cooked chompy
7228,Cooked chompy
7521,Cooked crab meat
7568,Cooked jubbly
3144,Cooked karambwan
2142,Cooked meat
2343,Cooked oomlie wrap
3228,Cooked rabbit
3381,Cooked slimy eel
5988,Cooked sweetcorn
1955,Cooking apple
436,Copper ore
7466,Cornflour
564,Cosmic rune
1454,Cosmic talisman
5539,Cosmic tiara
1739,Cowhide
22547,Craw's bow (u)
632,Cream boots
662,Cream hat
652,Cream robe bottoms
642,Cream robe top
20243,Crier bell
20240,Crier coat
12319,Crier hat
837,Crossbow
9438,Crossbow string
8496,Crude chair
2165,Crunchy tray
6693,Crushed nest
21975,Crushed superior dragon bones
23956,Crystal armour seed
8624,Crystal ball
24000,Crystal grail
989,Crystal key
8628,Crystal of power
23953,Crystal tool seed
4207,Crystal weapon seed
4460,Cup of hot water
1978,Cup of tea
4458,Cup of water
10820,Cured yak-hide
2011,Curry
5970,Curry leaf
5499,Curry sapling
5286,Curry tree seed
19915,Cyclops head
6729,Dagannoth bones
6155,Dagannoth hide
24288,Dagon'hai hat
24294,Dagon'hai robe bottom
24291,Dagon'hai robe top
24333,Dagon'hai robes set
19665,Damaged monkey tail
12777,Dareeyak teleport
11235,Dark bow
19970,Dark bow tie
2641,Dark cavalier
11936,Dark crab
11940,Dark fishing bait
12528,Dark infinity colour kit
10115,Dark kebbit fur
19964,Dark trousers
19961,Dark tuxedo cuffs
19958,Dark tuxedo jacket
19967,Dark tuxedo shoes
10127,Dashing kebbit fur
560,Death rune
1456,Death talisman
5547,Death tiara
12540,Deerstalker
11459,Defence mix(1)
11457,Defence mix(2)
137,Defence potion(1)
135,Defence potion(2)
133,Defence potion(3)
2432,Defence potion(4)
23294,Demon feet
1837,Desert boots
10063,Desert camo legs
10061,Desert camo top
10123,Desert devil fur
9735,Desert goat horn
6390,Desert legs
1835,Desert robe
6386,Desert robes
1833,Desert shirt
6384,Desert top
6388,Desert top
22954,Devout boots
21034,Dexterous prayer scroll
12877,Dharok's armour set
4718,Dharok's greataxe
4890,Dharok's greataxe 0
4716,Dharok's helm
4884,Dharok's helm 0
4720,Dharok's platebody
4896,Dharok's platebody 0
4722,Dharok's platelegs
4902,Dharok's platelegs 0
1601,Diamond
1700,Diamond amulet
1681,Diamond amulet (u)
9192,Diamond bolt tips
9340,Diamond bolts
9243,Diamond bolts (e)
11092,Diamond bracelet
21969,Diamond dragon bolts
21946,Diamond dragon bolts (e)
1662,Diamond necklace
1643,Diamond ring
12403,Digsite teleport
21015,Dinh's bulwark
981,Disk of returning
23754,Divine magic potion(1)
23751,Divine magic potion(2)
23748,Divine magic potion(3)
23745,Divine magic potion(4)
23742,Divine ranging potion(1)
23739,Divine ranging potion(2)
23736,Divine ranging potion(3)
23733,Divine ranging potion(4)
23706,Divine super attack potion(1)
23703,Divine super attack potion(2)
23700,Divine super attack potion(3)
23697,Divine super attack potion(4)
23694,Divine super combat potion(1)
23691,Divine super combat potion(2)
23688,Divine super combat potion(3)
23685,Divine super combat potion(4)
23730,Divine super defence potion(1)
23727,Divine super defence potion(2)
23724,Divine super defence potion(3)
23721,Divine super defence potion(4)
23718,Divine super strength potion(1)
23715,Divine super strength potion(2)
23712,Divine super strength potion(3)
23709,Divine super strength potion(4)
21143,Dodgy necklace
1573,Doogle leaves
8880,Dorgeshuun crossbow
19727,Double eye patch
11286,Draconic visage
7158,Dragon 2h sword
21882,Dragon armour set (lg)
21885,Dragon armour set (sk)
11212,Dragon arrow
11227,Dragon arrow(p)
11228,Dragon arrow(p+)
11229,Dragon arrow(p++)
11237,Dragon arrowtips
6739,Dragon axe
1377,Dragon battleaxe
1911,Dragon bitter
8524,Dragon bitter
5809,Dragon bitter(4)
5745,Dragon bitter(m)
5889,Dragon bitter(m4)
21905,Dragon bolts
21924,Dragon bolts (p)
21926,Dragon bolts (p+)
21928,Dragon bolts (p++)
21930,Dragon bolts (unf)
536,Dragon bones
11840,Dragon boots
22231,Dragon boots ornament kit
12373,Dragon cane
3140,Dragon chainbody
12534,Dragon chainbody ornament kit
13652,Dragon claws
21902,Dragon crossbow
21921,Dragon crossbow (u)
1215,Dragon dagger
1231,Dragon dagger(p)
5680,Dragon dagger(p+)
5698,Dragon dagger(p++)
11230,Dragon dart
11232,Dragon dart tip
11231,Dragon dart(p)
11233,Dragon dart(p+)
11234,Dragon dart(p++)
20143,Dragon defender ornament kit
11335,Dragon full helm
12538,Dragon full helm ornament kit
3204,Dragon halberd
21028,Dragon harpoon
22731,Dragon hasta
22734,Dragon hasta(p)
22737,Dragon hasta(p+)
22740,Dragon hasta(p++)
21012,Dragon hunter crossbow
22978,Dragon hunter lance
11256,Dragon impling jar
19484,Dragon javelin
19582,Dragon javelin heads
19486,Dragon javelin(p)
19488,Dragon javelin(p+)
19490,Dragon javelin(p++)
21895,Dragon kiteshield
22239,Dragon kiteshield ornament kit
22804,Dragon knife
22806,Dragon knife(p)
22808,Dragon knife(p+)
22810,Dragon knife(p++)
12536,Dragon legs/skirt ornament kit
21918,Dragon limbs
1305,Dragon longsword
1434,Dragon mace
1149,Dragon med helm
22103,Dragon metal lump
22097,Dragon metal shard
22100,Dragon metal slice
1664,Dragon necklace
11920,Dragon pickaxe
12800,Dragon pickaxe upgrade kit
21892,Dragon platebody
22236,Dragon platebody ornament kit
4087,Dragon platelegs
4585,Dragon plateskirt
241,Dragon scale dust
4587,Dragon scimitar
20002,Dragon scimitar ornament kit
1249,Dragon spear
1263,Dragon spear(p)
5716,Dragon spear(p+)
5730,Dragon spear(p++)
1187,Dragon sq shield
12532,Dragon sq shield ornament kit
21009,Dragon sword
20849,Dragon thrownaxe
13576,Dragon warhammer
22111,Dragonbone necklace
11284,Dragonfire shield
22003,Dragonfire ward
22929,Dragonfruit
22795,Dragonfruit pie
22866,Dragonfruit sapling
22877,Dragonfruit tree seed
1615,Dragonstone
1702,Dragonstone amulet
1683,Dragonstone amulet (u)
23667,Dragonstone armour set
9193,Dragonstone bolt tips
9341,Dragonstone bolts
9244,Dragonstone bolts (e)
24043,Dragonstone boots
11115,Dragonstone bracelet
21971,Dragonstone dragon bolts
21948,Dragonstone dragon bolts (e)
24034,Dragonstone full helm
24046,Dragonstone gauntlets
24037,Dragonstone platebody
24040,Dragonstone platelegs
1645,Dragonstone ring
22783,Drake bones
22957,Drake's claw
22960,Drake's tooth
19615,Draynor manor teleport
21652,Drift net
538,Druid's robe
540,Druid's robe top
2092,Drunk dragon
23206,Dual sai
20736,Dust battlestaff
4696,Dust rune
12863,Dwarf cannon set
267,Dwarf weed
109,Dwarf weed potion (unf)
5303,Dwarf weed seed
11200,Dwarven helmet
1913,Dwarven stout
5777,Dwarven stout(4)
5747,Dwarven stout(m)
5857,Dwarven stout(m4)
2126,Dwellberries
5103,Dwellberry seed
13573,Dynamite
4166,Earmuffs
1399,Earth battlestaff
11244,Earth impling jar
575,Earth orb
557,Earth rune
1440,Earth talisman
5535,Earth tiara
1961,Easter egg
11248,Eclectic impling jar
403,Edible seaweed
21140,Efaritay's aid
22595,Efh salt
1944,Egg
7064,Egg and tomato
7056,Egg potato
7435,Egg whisk
20595,Elder chaos hood
20520,Elder chaos robe
20517,Elder chaos top
21003,Elder maul
24517,Eldritch orb
9729,Elemental helmet
2890,Elemental shield
8626,Elemental sphere
5516,Elemental talisman
24003,Elven boots
23948,Elven dawn
24006,Elven gloves
24024,Elven legwear
23943,Elven signet
24018,Elven skirt
24012,Elven skirt
24021,Elven top
24009,Elven top
24015,Elven top
24027,Elven top
12819,Elysian sigil
12817,Elysian spirit shield
1605,Emerald
1696,Emerald amulet
1677,Emerald amulet (u)
9190,Emerald bolt tips
9338,Emerald bolts
9241,Emerald bolts (e)
11076,Emerald bracelet
21965,Emerald dragon bolts
21942,Emerald dragon bolts (e)
1658,Emerald necklace
1639,Emerald ring
4527,Empty candle lantern
1980,Empty cup
6667,Empty fishbowl
4525,Empty oil lamp
4535,Empty oil lantern
5350,Empty plant pot
5418,Empty sack
8019,Enchant diamond
8020,Enchant dragonstone
8017,Enchant emerald or jade
8021,Enchant onyx
8018,Enchant ruby or topaz
8016,Enchant sapphire or opal
7400,Enchanted hat
7398,Enchanted robe
7399,Enchanted top
11455,Energy mix(1)
11453,Energy mix(2)
3014,Energy potion(1)
3012,Energy potion(2)
3010,Energy potion(3)
3008,Energy potion(4)
23959,Enhanced crystal teleport seed
13508,Ensouled abyssal head
13505,Ensouled aviansie head
13463,Ensouled bear head
13496,Ensouled bloodveld head
13472,Ensouled chaos druid head
13493,Ensouled dagannoth head
13502,Ensouled demon head
13469,Ensouled dog head
13511,Ensouled dragon head
13481,Ensouled elf head
13475,Ensouled giant head
13448,Ensouled goblin head
13487,Ensouled horror head
13454,Ensouled imp head
13490,Ensouled kalphite head
13457,Ensouled minotaur head
13451,Ensouled monkey head
13478,Ensouled ogre head
13460,Ensouled scorpion head
13484,Ensouled troll head
13499,Ensouled tzhaar head
13466,Ensouled unicorn head
2128,Equa leaves
11246,Essence impling jar
13235,Eternal boots
13227,Eternal crystal
21270,Eternal gem
20433,Evil chicken feet
20439,Evil chicken head
20442,Evil chicken legs
20436,Evil chicken wings
21177,Expeditious bracelet
12514,Explorer backpack
11962,Extended antifire mix(1)
11960,Extended antifire mix(2)
11957,Extended antifire(1)
11955,Extended antifire(2)
11953,Extended antifire(3)
11951,Extended antifire(4)
22224,Extended super antifire mix(1)
22221,Extended super antifire mix(2)
22218,Extended super antifire(1)
22215,Extended super antifire(2)
22212,Extended super antifire(3)
22209,Extended super antifire(4)
221,Eye of newt
4164,Facemask
4593,Fake beard
8009,Falador teleport
8445,Fancy hedge
8604,Fancy teak dresser
20008,Fancy tiara
3755,Farseer helm
3367,Fat snail
3373,Fat snail meat
4830,Fayrg bones
314,Feather
11990,Fedora
12404,Feldip hills teleport
10119,Feldip weasel fur
19621,Fenkenstrain's castle teleport
6382,Fez
6167,Fibula piece
5354,Filled plant pot
3470,Fine cloth
1393,Fire battlestaff
569,Fire orb
554,Fire rune
1442,Fire talisman
5537,Fire tiara
22818,Fish chunks
272,Fish food
11334,Fish offcuts
7188,Fish pie
313,Fishing bait
11479,Fishing mix(1)
11477,Fishing mix(2)
155,Fishing potion(1)
153,Fishing potion(2)
151,Fishing potion(3)
2438,Fishing potion(4)
307,Fishing rod
3404,Fiyr remains
21180,Flamtaer bracelet
3678,Flamtaer hammer
10394,Flared trousers
6171,Flattened hide
1779,Flax
2865,Flighted ogre arrow
309,Fly fishing rod
8586,Four-poster bed
3771,Fremennik beige shirt
3789,Fremennik black cloak
3763,Fremennik blue cloak
3775,Fremennik blue shirt
3791,Fremennik boots
3761,Fremennik brown cloak
3767,Fremennik brown shirt
3759,Fremennik cyan cloak
3799,Fremennik gloves
3765,Fremennik green cloak
3779,Fremennik grey cloak
3769,Fremennik grey shirt
3797,Fremennik hat
23246,Fremennik kilt
3787,Fremennik pink cloak
3785,Fremennik purple cloak
3777,Fremennik red cloak
3773,Fremennik red shirt
3793,Fremennik robe
3795,Fremennik skirt
3783,Fremennik teal cloak
3781,Fremennik yellow cloak
7082,Fried mushrooms
7084,Fried onions
23288,Frog slippers
10954,Frog-leather body
10958,Frog-leather boots
10956,Frog-leather chaps
12769,Frozen whip mix
2277,Fruit batta
2084,Fruit blast
7441,Frying pan
6814,Fur
12526,Fury ornament kit
7668,Gadderhammer
3853,Games necklace(8)
7178,Garden pie
5345,Gardening boots
5325,Gardening trowel
1550,Garlic
4668,Garlic powder
12778,Ghorrock teleport
22324,Ghrazi rapier
2171,Gianne dough
2167,Gianne's cook book
23252,Giant boot
23517,Giant egg sac(full)
4517,Giant frog legs
21504,Giant seaweed
20155,Gilded 2h sword
13036,Gilded armour set (lg)
13038,Gilded armour set (sk)
23279,Gilded axe
8574,Gilded bench
12391,Gilded boots
9846,Gilded cape rack
20149,Gilded chainbody
8594,Gilded clock
23258,Gilded coif
23264,Gilded d'hide body
23267,Gilded d'hide chaps
23261,Gilded d'hide vambraces
23124,Gilded dragonhide set
8608,Gilded dresser
8588,Gilded four-poster
3486,Gilded full helm
20161,Gilded hasta
3488,Gilded kiteshield
9857,Gilded magic wardrobe
20146,Gilded med helm
23276,Gilded pickaxe
3481,Gilded platebody
3483,Gilded platelegs
3485,Gilded plateskirt
12389,Gilded scimitar
23282,Gilded spade
20158,Gilded spear
20152,Gilded sq shield
8622,Gilded wardrobe
2019,Gin
1785,Glassblowing pipe
20134,Gloves of darkness
10075,Gloves of silence
9472,Gnome goggles
9470,Gnome scarf
2169,Gnome spice
751,Gnomeball
2166,Gnomebowl mould
20275,Gnomish firelighter
9736,Goat horn dust
10999,Goblin book
288,Goblin mail
12251,Goblin mask
11798,Godsword blade
11818,Godsword shard 1
11820,Godsword shard 2
11822,Godsword shard 3
1692,Gold amulet
1673,Gold amulet (u)
2357,Gold bar
11069,Gold bracelet
12343,Gold elegant blouse
12349,Gold elegant legs
12347,Gold elegant shirt
12345,Gold elegant skirt
12303,Gold headband
8784,Gold leaf
1654,Gold necklace
444,Gold ore
1635,Gold ring
9040,Gold seal
20208,Golden apron
20205,Golden chef's hat
9028,Golden scarab
9034,Golden statuette
19653,Golovanova fruit top
11242,Gourmet impling jar
6311,Gout tuber
10099,Graahk fur
10051,Graahk headdress
10047,Graahk legs
10049,Graahk top
1947,Grain
9469,Grand seed pod
6981,Granite (2kg)
6979,Granite (500g)
6983,Granite (5kg)
10564,Granite body
21643,Granite boots
12849,Granite clamp
21736,Granite gloves
21742,Granite hammer
10589,Granite helm
6809,Granite legs
21646,Granite longsword
4153,Granite maul
21739,Granite ring
3122,Granite shield
13657,Grape seed
1987,Grapes
20023,Greater demon mask
22835,Greater siren
7323,Green boater
628,Green boots
1027,Green cape
1135,Green d'hide body
7370,Green d'hide body (g)
7372,Green d'hide body (t)
1099,Green d'hide chaps
7378,Green d'hide chaps (g)
7380,Green d'hide chaps (t)
22275,Green d'hide shield
1065,Green d'hide vambraces
12759,Green dark bow paint
1745,Green dragon leather
12518,Green dragon mask
1753,Green dragonhide
12865,Green dragonhide set
1771,Green dye
10432,Green elegant blouse
10414,Green elegant legs
10412,Green elegant shirt
10434,Green elegant skirt
7330,Green firelighter
1053,Green halloween mask
658,Green hat
12307,Green headband
1044,Green partyhat
648,Green robe bottoms
638,Green robe top
10079,Green spiky vambraces
8522,Greenman's ale
1909,Greenman's ale
5743,Greenman's ale(m)
5793,Greenmans ale(4)
5873,Greenmans ale(m4)
2894,Grey boots
2902,Grey gloves
2900,Grey hat
2898,Grey robe bottoms
2896,Grey robe top
2526,Grey toy horsey
958,Grey wolf fur
211,Grimy avantoe
215,Grimy cadantine
217,Grimy dwarf weed
199,Grimy guam leaf
205,Grimy harralander
209,Grimy irit leaf
213,Grimy kwuarm
2485,Grimy lantadyme
201,Grimy marrentill
207,Grimy ranarr weed
3051,Grimy snapdragon
203,Grimy tarromin
3049,Grimy toadflax
219,Grimy torstol
1915,Grog
6681,Ground guam
23499,Grubby key
249,Guam leaf
91,Guam potion (unf)
5291,Guam seed
10142,Guam tar
21733,Guardian boots
12873,Guthan's armour set
4730,Guthan's chainskirt
4926,Guthan's chainskirt 0
4724,Guthan's helm
4908,Guthan's helm 0
4728,Guthan's platebody
4920,Guthan's platebody 0
4726,Guthan's warspear
4914,Guthan's warspear 0
13048,Guthix armour set (lg)
13050,Guthix armour set (sk)
7666,Guthix balance(1)
7664,Guthix balance(2)
7662,Guthix balance(3)
7660,Guthix balance(4)
10376,Guthix bracers
10380,Guthix chaps
10448,Guthix cloak
10382,Guthix coif
10442,Guthix crozier
10378,Guthix d'hide body
19927,Guthix d'hide boots
23188,Guthix d'hide shield
13165,Guthix dragonhide set
2673,Guthix full helm
2675,Guthix kiteshield
10454,Guthix mitre
6760,Guthix mjolnir
3835,Guthix page 1
3836,Guthix page 2
3837,Guthix page 3
3838,Guthix page 4
2669,Guthix platebody
2671,Guthix platelegs
3480,Guthix plateskirt
4423,Guthix rest(1)
4421,Guthix rest(2)
4419,Guthix rest(3)
4417,Guthix rest(4)
10466,Guthix robe legs
10462,Guthix robe top
10472,Guthix stole
10814,Hair
1989,Half full wine jug
20053,Half moon spectacles
13175,Halloween mask set
4310,Ham boots
4304,Ham cloak
4308,Ham gloves
4302,Ham hood
23360,Ham joint
4306,Ham logo
4300,Ham robe
4298,Ham shirt
2347,Hammer
5994,Hammerstone hops
5307,Hammerstone seed
1743,Hard leather
22269,Hard leather shield
1131,Hardleather body
24511,Harmonised orb
19625,Harmony island teleport
311,Harpoon
255,Harralander
97,Harralander potion (unf)
5294,Harralander seed
10145,Harralander tar
8928,Hat eyepatch
53,Headless arrow
19481,Heavy ballista
19589,Heavy frame
10828,Helm of neitiznot
347,Herring
2631,Highwayman mask
20756,Hill giant club
20220,Holy blessing
13149,Holy book page set
12833,Holy elixir
1599,Holy mould
12598,Holy sandals
1718,Holy symbol
19997,Holy wraps
20229,Honourable blessing
20128,Hood of darkness
20254,Hosidius banner
20116,Hosidius hood
19946,Hosidius scarf
10004,Hunter potion(1)
10002,Hunter potion(2)
10000,Hunter potion(3)
9998,Hunter potion(4)
10156,Hunters' crossbow
11519,Hunting mix(1)
11517,Hunting mix(2)
22786,Hydra bones
22983,Hydra leather
22988,Hydra tail
22966,Hydra's claw
22599,Icy basalt
20724,Imbued heart
12249,Imp mask
11260,Impling jar
19598,Incomplete heavy ballista
19595,Incomplete light ballista
6920,Infinity boots
6924,Infinity bottoms
6922,Infinity gloves
6918,Infinity hat
6916,Infinity top
5576,Initiate cuisse
9668,Initiate harness m
5575,Initiate hauberk
5574,Initiate sallet
11088,Inoculation bracelet
24488,Inquisitor's armour set
24419,Inquisitor's great helm
24420,Inquisitor's hauberk
24417,Inquisitor's mace
24421,Inquisitor's plateskirt
28,Insect repellent
7159,Insulated boots
12410,Iorwerth camp teleport
259,Irit leaf
101,Irit potion (unf)
5297,Irit seed
1309,Iron 2h sword
884,Iron arrow
885,Iron arrow(p)
5617,Iron arrow(p+)
5623,Iron arrow(p++)
40,Iron arrowtips
1349,Iron axe
2351,Iron bar
1363,Iron battleaxe
9140,Iron bolts
9287,Iron bolts (p)
9294,Iron bolts (p+)
9301,Iron bolts (p++)
9377,Iron bolts (unf)
4121,Iron boots
4778,Iron brutal
1101,Iron chainbody
3096,Iron claws
9177,Iron crossbow
9457,Iron crossbow (u)
1203,Iron dagger
1219,Iron dagger(p)
5668,Iron dagger(p+)
5686,Iron dagger(p++)
807,Iron dart
820,Iron dart tip
813,Iron dart(p)
5629,Iron dart(p+)
5636,Iron dart(p++)
12365,Iron dragon mask
1153,Iron full helm
12241,Iron full helm (g)
12231,Iron full helm (t)
12980,Iron gold-trimmed set (lg)
12982,Iron gold-trimmed set (sk)
3192,Iron halberd
11369,Iron hasta
11386,Iron hasta(p)
11389,Iron hasta(p+)
11391,Iron hasta(p++)
826,Iron javelin
19572,Iron javelin heads
832,Iron javelin(p)
5643,Iron javelin(p+)
5649,Iron javelin(p++)
1191,Iron kiteshield
12243,Iron kiteshield (g)
12233,Iron kiteshield (t)
863,Iron knife
871,Iron knife(p)
5655,Iron knife(p+)
5662,Iron knife(p++)
9423,Iron limbs
1293,Iron longsword
1420,Iron mace
1137,Iron med helm
4820,Iron nails
440,Iron ore
1267,Iron pickaxe
1115,Iron platebody
12235,Iron platebody (g)
12225,Iron platebody (t)
1067,Iron platelegs
12237,Iron platelegs (g)
12227,Iron platelegs (t)
1081,Iron plateskirt
12239,Iron plateskirt (g)
12229,Iron plateskirt (t)
1323,Iron scimitar
12972,Iron set (lg)
12974,Iron set (sk)
1239,Iron spear
1253,Iron spear(p)
5706,Iron spear(p+)
5720,Iron spear(p++)
7225,Iron spit
1175,Iron sq shield
1279,Iron sword
801,Iron thrownaxe
12976,Iron trimmed set (lg)
12978,Iron trimmed set (sk)
1335,Iron warhammer
9026,Ivory comb
1611,Jade
21111,Jade amulet
21102,Jade amulet (u)
9187,Jade bolt tips
21120,Jade bracelet
21957,Jade dragon bolts
21934,Jade dragon bolts (e)
6315,Jade machete
21093,Jade necklace
21084,Jade ring
247,Jangerberries
5104,Jangerberry seed
23064,Jar of chemicals
19701,Jar of darkness
22106,Jar of decay
12007,Jar of dirt
24495,Jar of dreams
23525,Jar of eyes
13277,Jar of miasma
12885,Jar of sand
13245,Jar of souls
21745,Jar of stone
12936,Jar of swamp
19584,Javelin shaft
23297,Jester cape
3125,Jogre bones
1935,Jug
1937,Jug of water
1993,Jug of wine
10059,Jungle camo legs
10057,Jungle camo top
20032,Jungle demon mask
22438,Justiciar armour set
22327,Justiciar chestguard
22326,Justiciar faceguard
22328,Justiciar legguards
5931,Jute fibre
5306,Jute seed
3159,Karambwan vessel
3157,Karambwan vessel
4595,Karidian disguise
12883,Karil's armour set
4732,Karil's coif
4932,Karil's coif 0
4734,Karil's crossbow
4938,Karil's crossbow 0
4738,Karil's leatherskirt
4950,Karil's leatherskirt 0
4736,Karil's leathertop
4944,Karil's leathertop 0
12357,Katana
1971,Kebab
1881,Kebab mix
10158,Kebbit bolts
10113,Kebbit claws
10105,Kebbit spike
10109,Kebbit teeth
10111,Kebbit teeth dust
3801,Keg of beer
4591,Kharidian headpiece
12779,Kharyrll teleport
2162,King worm
7447,Kitchen knife
8528,Kitchen table
946,Knife
21043,Kodai insignia
21006,Kodai wand
12004,Kraken tentacle
6000,Krandorian hops
5310,Krandorian seed
263,Kwuarm
105,Kwuarm potion (unf)
5299,Kwuarm seed
10103,Kyatt fur
10039,Kyatt hat
10035,Kyatt legs
10037,Kyatt top
2481,Lantadyme
2483,Lantadyme potion (unf)
5302,Lantadyme seed
4542,Lantern lens
8580,Large oak bed
8584,Large teak bed
10095,Larupia fur
10045,Larupia hat
10041,Larupia legs
10043,Larupia top
12780,Lassar teleport
3053,Lava battlestaff
11943,Lava dragon bones
12371,Lava dragon mask
4699,Lava rune
11992,Lava scale
11994,Lava scale shard
21202,Lava staff upgrade kit
563,Law rune
20727,Leaf-bladed battleaxe
11902,Leaf-bladed sword
3365,Lean snail
3371,Lean snail meat
11330,Leaping salmon
11332,Leaping sturgeon
11328,Leaping trout
1741,Leather
1129,Leather body
23381,Leather body (g)
1061,Leather boots
1095,Leather chaps
23384,Leather chaps (g)
1167,Leather cowl
1059,Leather gloves
1063,Leather vambraces
19724,Left eye patch
2102,Lemon
2104,Lemon chunks
2106,Lemon slices
12359,Leprechaun hat
20020,Lesser demon mask
19478,Light ballista
19985,Light bow tie
19586,Light frame
12530,Light infinity colour kit
10973,Light orb
19979,Light trousers
19976,Light tuxedo cuffs
19973,Light tuxedo jacket
19982,Light tuxedo shoes
2120,Lime
2122,Lime chunks
2124,Lime slices
3211,Limestone
3420,Limestone brick
225,Limpwurt root
5100,Limpwurt seed
4684,Linen
13391,Lizardman fang
3396,Loar remains
379,Lobster
301,Lobster pot
1523,Lockpick
9052,Locust meat
1511,Logs
10159,Long kebbit bolts
10107,Long kebbit spike
839,Longbow
48,Longbow (u)
987,Loop half of key
20257,Lovakengj banner
20119,Lovakengj hood
19949,Lovakengj scarf
12642,Lumberyard teleport
19613,Lumbridge graveyard teleport
8008,Lumbridge teleport
12405,Lunar isle teleport
9864,M. treasure chest
975,Machete
355,Mackerel
6889,Mage's book
22201,Magic bird house
10025,Magic box
9848,Magic cape rack
10284,Magic comp bow
11491,Magic essence mix(1)
11489,Magic essence mix(2)
12932,Magic fang
1513,Magic logs
859,Magic longbow
70,Magic longbow (u)
11515,Magic mix(1)
11513,Magic mix(2)
3046,Magic potion(1)
3044,Magic potion(2)
3042,Magic potion(3)
3040,Magic potion(4)
3448,Magic pyre logs
6051,Magic roots
5374,Magic sapling
5316,Magic seed
22263,Magic shield
861,Magic shortbow
72,Magic shortbow (u)
12786,Magic shortbow scroll
1389,Magic staff
21952,Magic stock
8788,Magic stone
6038,Magic string
11252,Magpie impling jar
8508,Mahogany armchair
9861,Mahogany armour case
8572,Mahogany bench
22195,Mahogany bird house
8514,Mahogany bookcase
9845,Mahogany cape rack
8606,Mahogany dresser
9867,Mahogany fancy dress box
6332,Mahogany logs
9856,Mahogany magic wardrobe
8782,Mahogany plank
6213,Mahogany pyre log
21480,Mahogany sapling
21488,Mahogany seed
9450,Mahogany stock
8558,Mahogany table
9851,Mahogany toy box
8620,Mahogany wardrobe
11931,Malediction shard 1
11932,Malediction shard 2
11933,Malediction shard 3
11924,Malediction ward
391,Manta ray
22192,Maple bird house
6416,Maple blackjack
6420,Maple blackjack(d)
6418,Maple blackjack(o)
1517,Maple logs
851,Maple longbow
62,Maple longbow (u)
3444,Maple pyre logs
6047,Maple roots
5372,Maple sapling
5314,Maple seed
22257,Maple shield
853,Maple shortbow
64,Maple shortbow (u)
9448,Maple stock
8786,Marble block
9847,Marble cape rack
9858,Marble magic wardrobe
5096,Marigold seed
6010,Marigolds
251,Marrentill
93,Marrentill potion (unf)
5292,Marrentill seed
10143,Marrentill tar
23522,Mask of ranul
21387,Master scroll book (empty)
6914,Master wand
5765,Mature cider
5741,Mature wmb
2327,Meat pie
2293,Meat pizza
7449,Meat tenderiser
6392,Menaphite purple hat
6398,Menaphite purple kilt
6396,Menaphite purple robe
6394,Menaphite purple top
6400,Menaphite red hat
6406,Menaphite red kilt
6404,Menaphite red robe
6402,Menaphite red top
21649,Merfolk trident
7070,Minced meat
19617,Mind altar teleport
5801,Mind bomb(4)
5881,Mind bomb(m4)
9733,Mind helmet
558,Mind rune
9731,Mind shield
1448,Mind talisman
5529,Mind tiara
5014,Mining helmet
9475,Mint cake
4156,Mirror shield
20730,Mist battlestaff
4695,Mist rune
9181,Mith crossbow
9419,Mith grapple
9418,Mith grapple
9416,Mith grapple tip
1315,Mithril 2h sword
888,Mithril arrow
889,Mithril arrow(p)
5619,Mithril arrow(p+)
5625,Mithril arrow(p++)
42,Mithril arrowtips
1355,Mithril axe
2359,Mithril bar
1369,Mithril battleaxe
9142,Mithril bolts
9289,Mithril bolts (p)
9296,Mithril bolts (p+)
9303,Mithril bolts (p++)
9379,Mithril bolts (unf)
4127,Mithril boots
4793,Mithril brutal
1109,Mithril chainbody
3099,Mithril claws
9461,Mithril crossbow (u)
1209,Mithril dagger
1225,Mithril dagger(p)
5674,Mithril dagger(p+)
5692,Mithril dagger(p++)
809,Mithril dart
822,Mithril dart tip
815,Mithril dart(p)
5632,Mithril dart(p+)
5639,Mithril dart(p++)
12369,Mithril dragon mask
1159,Mithril full helm
12283,Mithril full helm (g)
12293,Mithril full helm (t)
13008,Mithril gold-trimmed set (lg)
13010,Mithril gold-trimmed set (sk)
3198,Mithril halberd
11373,Mithril hasta
11400,Mithril hasta(p)
11403,Mithril hasta(p+)
11405,Mithril hasta(p++)
828,Mithril javelin
19576,Mithril javelin heads
834,Mithril javelin(p)
5645,Mithril javelin(p+)
5651,Mithril javelin(p++)
1197,Mithril kiteshield
12281,Mithril kiteshield (g)
12291,Mithril kiteshield (t)
866,Mithril knife
873,Mithril knife(p)
5657,Mithril knife(p+)
5664,Mithril knife(p++)
9427,Mithril limbs
1299,Mithril longsword
1428,Mithril mace
1143,Mithril med helm
4822,Mithril nails
447,Mithril ore
1273,Mithril pickaxe
1121,Mithril platebody
12277,Mithril platebody (g)
12287,Mithril platebody (t)
1071,Mithril platelegs
12279,Mithril platelegs (g)
12289,Mithril platelegs (t)
1085,Mithril plateskirt
12285,Mithril plateskirt (g)
12295,Mithril plateskirt (t)
1329,Mithril scimitar
299,Mithril seeds
13000,Mithril set (lg)
13002,Mithril set (sk)
1243,Mithril spear
1257,Mithril spear(p)
5710,Mithril spear(p+)
5724,Mithril spear(p++)
1181,Mithril sq shield
1285,Mithril sword
803,Mithril thrownaxe
13004,Mithril trimmed set (lg)
13006,Mithril trimmed set (sk)
1343,Mithril warhammer
2472,Mixed flowers
7416,Mole claw
7418,Mole skin
23285,Mole slippers
1775,Molten glass
542,Monk's robe
20202,Monk's robe (g)
23306,Monk's robe (t)
544,Monk's robe top
20199,Monk's robe top (g)
23303,Monk's robe top (t)
4014,Monkey bar
3183,Monkey bones
4012,Monkey nuts
19610,Monkey tail
7946,Monkfish
12353,Monocle
2955,Moonlight mead
5817,Moonlight mead(4)
5749,Moonlight mead(m)
5897,Moonlight mead(m4)
22636,Morrigan's javelin
22634,Morrigan's throwing axe
2970,Mort myre fungus
2974,Mort myre pear
2972,Mort myre stem
12406,Mort'ton teleport
12411,Mos le'harmless teleport
22832,Mottled eel
6562,Mud battlestaff
7170,Mud pie
4698,Mud rune
991,Muddy key
20083,Mummy's body
20092,Mummy's feet
20086,Mummy's hands
20080,Mummy's head
20089,Mummy's legs
6004,Mushroom
7066,Mushroom & onion
21690,Mushroom pie
7058,Mushroom potato
5282,Mushroom spore
12351,Musketeer hat
12443,Musketeer pants
12441,Musketeer tabard
3327,Myre snelm
3337,Myre snelm
1405,Mystic air staff
4097,Mystic boots
4107,Mystic boots (dark)
23059,Mystic boots (dusk)
4117,Mystic boots (light)
20739,Mystic dust staff
1407,Mystic earth staff
1401,Mystic fire staff
4095,Mystic gloves
4105,Mystic gloves (dark)
23056,Mystic gloves (dusk)
4115,Mystic gloves (light)
4089,Mystic hat
4099,Mystic hat (dark)
23047,Mystic hat (dusk)
4109,Mystic hat (light)
3054,Mystic lava staff
20733,Mystic mist staff
6563,Mystic mud staff
4093,Mystic robe bottom
4103,Mystic robe bottom (dark)
23053,Mystic robe bottom (dusk)
4113,Mystic robe bottom (light)
4091,Mystic robe top
4101,Mystic robe top (dark)
23050,Mystic robe top (dusk)
4111,Mystic robe top (light)
23113,Mystic set (blue)
23116,Mystic set (dark)
23119,Mystic set (dusk)
23110,Mystic set (light)
12000,Mystic smoke staff
11789,Mystic steam staff
1403,Mystic water staff
10937,Nail beast nails
12402,Nardah teleport
5098,Nasturtium seed
6012,Nasturtiums
11250,Nature impling jar
561,Nature rune
1462,Nature talisman
5541,Nature tiara
12325,Navy cavalier
1597,Necklace mould
19547,Necklace of anguish
21157,Necklace of faith
21146,Necklace of passage(5)
1733,Needle
10826,Neitiznot shield
8439,Nice hedge
24422,Nightmare staff
11254,Ninja impling jar
10150,Noose wand
4168,Nose peg
21555,Numulite
19918,Nunchaku
8504,Oak armchair
9859,Oak armour case
8578,Oak bed
8564,Oak bench
21515,Oak bird house
6410,Oak blackjack(d)
6408,Oak blackjack(o)
8512,Oak bookcase
9843,Oak cape rack
8502,Oak chair
8590,Oak clock
8550,Oak dining table
8612,Oak drawers
8600,Oak dresser
9865,Oak fancy dress box
8530,Oak kitchen table
1521,Oak logs
845,Oak longbow
56,Oak longbow (u)
9852,Oak magic wardrobe
8778,Oak plank
3440,Oak pyre logs
6043,Oak roots
5370,Oak sapling
8598,Oak shaving stand
22251,Oak shield
843,Oak shortbow
54,Oak shortbow (u)
9442,Oak stock
9849,Oak toy box
9862,Oak treasure chest
8614,Oak wardrobe
21279,Obsidian armour set
6568,Obsidian cape
20050,Obsidian cape (r)
21298,Obsidian helmet
21301,Obsidian platebody
21304,Obsidian platelegs
12002,Occult necklace
20065,Occult ornament kit
3341,Ochre snelm
3331,Ochre snelm
11928,Odium shard 1
11929,Odium shard 2
11930,Odium shard 3
11926,Odium ward
2866,Ogre arrow
2864,Ogre arrow shaft
4850,Ogre coffin key
4522,Oil lamp
4537,Oil lantern
4540,Oil lantern frame
20029,Old demon mask
13190,Old school bond
3428,Olive oil(1)
3426,Olive oil(2)
3424,Olive oil(3)
3422,Olive oil(4)
1957,Onion
1875,Onion & tomato
5319,Onion seed
5458,Onions(10)
6573,Onyx
6581,Onyx amulet
6579,Onyx amulet (u)
9194,Onyx bolt tips
9342,Onyx bolts
9245,Onyx bolts (e)
11130,Onyx bracelet
21973,Onyx dragon bolts
21950,Onyx dragon bolts (e)
6577,Onyx necklace
6575,Onyx ring
1609,Opal
21108,Opal amulet
21099,Opal amulet (u)
45,Opal bolt tips
879,Opal bolts
9236,Opal bolts (e)
21117,Opal bracelet
21955,Opal dragon bolts
21932,Opal dragon bolts (e)
6313,Opal machete
21090,Opal necklace
21081,Opal ring
8560,Opulent table
2108,Orange
7321,Orange boater
1031,Orange cape
2110,Orange chunks
1769,Orange dye
10091,Orange feather
2470,Orange flowers
10146,Orange salamander
5498,Orange sapling
2112,Orange slices
5285,Orange tree seed
5396,Oranges(5)
24229,Ornate maul handle
4834,Ourg bones
407,Oyster
411,Oyster pearl
413,Oyster pearls
12781,Paddewwa teleport
5502,Palm sapling
5289,Palm tree seed
10396,Pantaloons
5972,Papaya fruit
5501,Papaya sapling
5288,Papaya tree seed
970,Papyrus
12399,Partyhat & specs
13173,Partyhat set
1953,Pastry dough
6697,Pat of butter
20226,Peaceful blessing
46,Pearl bolt tips
880,Pearl bolts
9238,Pearl bolts (e)
21959,Pearl dragon bolts
21936,Pearl dragon bolts (e)
13237,Pegasian boots
13229,Pegasian crystal
12428,Penguin mask
12407,Pest control teleport
233,Pestle and mortar
9050,Pharaoh's sceptre
9044,Pharaoh's sceptre (3)
11090,Phoenix necklace
3398,Phrin remains
2313,Pie dish
7162,Pie recipe book
2315,Pie shell
351,Pike
4689,Pile of salt
2114,Pineapple
2116,Pineapple chunks
2301,Pineapple pizza
2048,Pineapple punch
2118,Pineapple ring
5500,Pineapple sapling
5287,Pineapple seed
12309,Pink boater
626,Pink boots
6959,Pink cape
12339,Pink elegant blouse
12317,Pink elegant legs
12315,Pink elegant shirt
12341,Pink elegant skirt
656,Pink hat
12305,Pink headband
646,Pink robe bottoms
636,Pink robe top
1013,Pink skirt
7136,Pirate bandana
7124,Pirate bandana
7112,Pirate bandana
7130,Pirate bandana
7114,Pirate boots
12412,Pirate hat & patch
7126,Pirate leggings
7132,Pirate leggings
7116,Pirate leggings
7138,Pirate leggings
2651,Pirate's hat
2997,Pirate's hook
20260,Piscarilius banner
20122,Piscarilius hood
19952,Piscarilius scarf
12408,Piscatoris teleport
12516,Pith helmet
1865,Pitta bread
2283,Pizza base
2289,Plain pizza
960,Plank
6036,Plant cure
273,Poison
197,Poison chalice
6018,Poison ivy berries
5106,Poison ivy seed
10067,Polar camo legs
10065,Polar camo top
10117,Polar kebbit fur
10496,Polished buttons
1931,Pot
4440,Pot lid
7468,Pot of cornflour
2130,Pot of cream
1933,Pot of flour
1942,Potato
3138,Potato cactus
22873,Potato cactus seed
5318,Potato seed
6703,Potato with butter
6705,Potato with cheese
5438,Potatoes(10)
9032,Pottery scarab
9036,Pottery statuette
11467,Prayer mix(1)
11465,Prayer mix(2)
143,Prayer potion(1)
141,Prayer potion(2)
139,Prayer potion(3)
2434,Prayer potion(4)
2028,Premade blurb' sp.
2223,Premade c+t batta
2239,Premade ch' crunch
2229,Premade choc bomb
2030,Premade choc s'dy
2032,Premade dr' dragon
2034,Premade fr' blast
2225,Premade fr't batta
2036,Premade p' punch
2241,Premade s'y crunch
2038,Premade sgg
2221,Premade t'd batta
2243,Premade t'd crunch
2231,Premade ttl
2235,Premade veg ball
2227,Premade veg batta
2219,Premade w'm batta
2237,Premade w'm crun'
2040,Premade wiz blz'd
2233,Premade worm hole
428,Priest gown
426,Priest gown
13239,Primordial boots
13231,Primordial crystal
6319,Proboscis
9676,Proselyte cuisse
9670,Proselyte harness f
9666,Proselyte harness m
9674,Proselyte hauberk
9672,Proselyte sallet
9678,Proselyte tasset
1959,Pumpkin
7936,Pure essence
12311,Purple boater
2934,Purple boots
1029,Purple cape
1773,Purple dye
10436,Purple elegant blouse
10418,Purple elegant legs
10416,Purple elegant shirt
10438,Purple elegant skirt
10326,Purple firelighter
2468,Purple flowers
2942,Purple gloves
2940,Purple hat
1046,Purple partyhat
2938,Purple robe bottoms
2936,Purple robe top
10476,Purple sweets
3438,Pyre logs
21545,Pyrophosphite
10134,Rabbit foot
10031,Rabbit snare
23357,Rain bow
10136,Rainbow fish
5341,Rake
99,Ranarr potion (unf)
5295,Ranarr seed
257,Ranarr weed
2577,Ranger boots
19994,Ranger gloves
23249,Rangers' tights
12596,Rangers' tunic
11511,Ranging mix(1)
11509,Ranging mix(2)
173,Ranging potion(1)
171,Ranging potion(2)
169,Ranging potion(3)
2444,Ranging potion(4)
4832,Raurg bones
7196,Raw admiral pie
321,Raw anchovies
13439,Raw anglerfish
363,Raw bass
2136,Raw bear meat
9986,Raw beast meat
2132,Raw beef
9978,Raw bird meat
5001,Raw cave eel
2138,Raw chicken
2876,Raw chompy
341,Raw cod
11934,Raw dark crab
7186,Raw fish pie
7176,Raw garden pie
345,Raw herring
7566,Raw jubbly
3142,Raw karambwan
377,Raw lobster
353,Raw mackerel
389,Raw manta ray
7944,Raw monkfish
7168,Raw mud pie
2337,Raw oomlie
349,Raw pike
3226,Raw rabbit
10138,Raw rainbow fish
2134,Raw rat meat
331,Raw salmon
327,Raw sardine
395,Raw sea turtle
383,Raw shark
317,Raw shrimps
3379,Raw slimy eel
7216,Raw summer pie
371,Raw swordfish
335,Raw trout
359,Raw tuna
1859,Raw ugthanki meat
7206,Raw wild pie
10816,Raw yak meat
1470,Red bead
12247,Red beret
7319,Red boater
2904,Red boots
1007,Red cape
12323,Red cavalier
10034,Red chinchompa
2501,Red d'hide body
12327,Red d'hide body (g)
12331,Red d'hide body (t)
2495,Red d'hide chaps
12329,Red d'hide chaps (g)
12333,Red d'hide chaps (t)
22281,Red d'hide shield
2489,Red d'hide vambraces
2507,Red dragon leather
12522,Red dragon mask
1749,Red dragonhide
12869,Red dragonhide set
1763,Red dye
10424,Red elegant blouse
10406,Red elegant legs
10404,Red elegant shirt
10426,Red elegant skirt
10088,Red feather
7329,Red firelighter
2462,Red flowers
2912,Red gloves
1057,Red halloween mask
2910,Red hat
2645,Red headband
1038,Red partyhat
2908,Red robe bottoms
2906,Red robe top
10147,Red salamander
223,Red spiders' eggs
10083,Red spiky vambraces
1613,Red topaz
6317,Red topaz machete
1951,Redberries
2325,Redberry pie
5101,Redberry seed
22204,Redwood bird house
19669,Redwood logs
19672,Redwood pyre logs
22859,Redwood sapling
22266,Redwood shield
22871,Redwood tree seed
11133,Regen bracelet
4848,Relicym's balm(1)
4846,Relicym's balm(2)
4844,Relicym's balm(3)
4842,Relicym's balm(4)
11439,Relicym's mix(1)
11437,Relicym's mix(2)
11451,Restore mix(1)
11449,Restore mix(2)
131,Restore potion(1)
129,Restore potion(2)
127,Restore potion(3)
2430,Restore potion(4)
21802,Revenant cave teleport
21820,Revenant ether
6165,Ribcage piece
1025,Right eye patch
1592,Ring mould
23185,Ring of 3rd age
20017,Ring of coins
2552,Ring of dueling(8)
2568,Ring of forging
2570,Ring of life
20005,Ring of nature
21126,Ring of pursuit
2550,Ring of recoil
21129,Ring of returning(5)
6583,Ring of stone
19550,Ring of suffering
12601,Ring of the gods
2572,Ring of wealth
11980,Ring of wealth (5)
12783,Ring of wealth scroll
3400,Riyl remains
9988,Roast beast meat
9980,Roast bird meat
7223,Roast rabbit
20137,Robe bottom of darkness
20131,Robe top of darkness
2581,Robin hood hat
4162,Rock hammer
21754,Rock thrownhammer
2203,Rock-climbing boots
6145,Rock-shell boots
6157,Rock-shell chunk
6151,Rock-shell gloves
6128,Rock-shell helm
6130,Rock-shell legs
6129,Rock-shell plate
6159,Rock-shell shard
6161,Rock-shell splinter
8500,Rocking chair
11324,Roe
7445,Rolling pin
954,Rope
6014,Rosemary
5097,Rosemary seed
12397,Royal crown
12395,Royal gown bottom
12393,Royal gown top
12439,Royal sceptre
1603,Ruby
1698,Ruby amulet
1679,Ruby amulet (u)
9191,Ruby bolt tips
9339,Ruby bolts
9242,Ruby bolts (e)
11085,Ruby bracelet
21967,Ruby dragon bolts
21944,Ruby dragon bolts (e)
10020,Ruby harvest
1660,Ruby necklace
1641,Ruby ring
1319,Rune 2h sword
13024,Rune armour set (lg)
13026,Rune armour set (sk)
892,Rune arrow
893,Rune arrow(p)
5621,Rune arrow(p+)
5627,Rune arrow(p++)
44,Rune arrowtips
1359,Rune axe
1373,Rune battleaxe
4131,Rune boots
4803,Rune brutal
12379,Rune cane
1113,Rune chainbody
3101,Rune claws
9185,Rune crossbow
1213,Rune dagger
1229,Rune dagger(p)
5678,Rune dagger(p+)
5696,Rune dagger(p++)
811,Rune dart
824,Rune dart tip
817,Rune dart(p)
5634,Rune dart(p+)
5641,Rune dart(p++)
23227,Rune defender ornament kit
23273,Rune dragon mask
1436,Rune essence
1163,Rune full helm
2619,Rune full helm (g)
2627,Rune full helm (t)
13032,Rune gold-trimmed set (lg)
13034,Rune gold-trimmed set (sk)
3202,Rune halberd
11377,Rune hasta
11414,Rune hasta(p)
11417,Rune hasta(p+)
11419,Rune hasta(p++)
10286,Rune helm (h1)
10288,Rune helm (h2)
10290,Rune helm (h3)
10292,Rune helm (h4)
10294,Rune helm (h5)
830,Rune javelin
19580,Rune javelin heads
836,Rune javelin(p)
5647,Rune javelin(p+)
5653,Rune javelin(p++)
1201,Rune kiteshield
2621,Rune kiteshield (g)
2629,Rune kiteshield (t)
868,Rune knife
876,Rune knife(p)
5660,Rune knife(p+)
5667,Rune knife(p++)
1303,Rune longsword
1432,Rune mace
1147,Rune med helm
4824,Rune nails
1275,Rune pickaxe
1127,Rune platebody
2615,Rune platebody (g)
23209,Rune platebody (h1)
23212,Rune platebody (h2)
23215,Rune platebody (h3)
23218,Rune platebody (h4)
23221,Rune platebody (h5)
2623,Rune platebody (t)
1079,Rune platelegs
2617,Rune platelegs (g)
2625,Rune platelegs (t)
1093,Rune plateskirt
3476,Rune plateskirt (g)
3477,Rune plateskirt (t)
1333,Rune scimitar
23321,Rune scimitar ornament kit (guthix)
23324,Rune scimitar ornament kit (saradomin)
23327,Rune scimitar ornament kit (zamorak)
7336,Rune shield (h1)
7342,Rune shield (h2)
7348,Rune shield (h3)
7354,Rune shield (h4)
7360,Rune shield (h5)
1247,Rune spear
1261,Rune spear(p)
5714,Rune spear(p+)
5728,Rune spear(p++)
1185,Rune sq shield
1289,Rune sword
805,Rune thrownaxe
13028,Rune trimmed set (lg)
13030,Rune trimmed set (sk)
1347,Rune warhammer
2363,Runite bar
9144,Runite bolts
9291,Runite bolts (p)
9298,Runite bolts (p+)
9305,Runite bolts (p++)
9381,Runite bolts (unf)
9465,Runite crossbow (u)
9431,Runite limbs
451,Runite ore
3436,Sacred oil(1)
3434,Sacred oil(2)
3432,Sacred oil(3)
3430,Sacred oil(4)
12337,Sagacious spectacles
329,Salmon
13421,Saltpetre
19619,Salve graveyard teleport
20047,Samurai boots
20041,Samurai gloves
20044,Samurai greaves
20035,Samurai kasa
20038,Samurai shirt
6977,Sandstone (10kg)
6971,Sandstone (1kg)
6973,Sandstone (2kg)
6975,Sandstone (5kg)
23318,Sandwich lady bottom
23312,Sandwich lady hat
23315,Sandwich lady top
13431,Sandworms
10931,Sanfew serum(1)
10929,Sanfew serum(2)
10927,Sanfew serum(3)
10925,Sanfew serum(4)
22481,Sanguinesti staff (uncharged)
1050,Santa hat
1607,Sapphire
1694,Sapphire amulet
1675,Sapphire amulet (u)
9189,Sapphire bolt tips
9337,Sapphire bolts
9240,Sapphire bolts (e)
11072,Sapphire bracelet
21963,Sapphire dragon bolts
21940,Sapphire dragon bolts (e)
10018,Sapphire glacialis
1656,Sapphire necklace
1637,Sapphire ring
23528,Sarachnis cudgel
13040,Saradomin armour set (lg)
13042,Saradomin armour set (sk)
10384,Saradomin bracers
6691,Saradomin brew(1)
6689,Saradomin brew(2)
6687,Saradomin brew(3)
6685,Saradomin brew(4)
10388,Saradomin chaps
10446,Saradomin cloak
10390,Saradomin coif
10440,Saradomin crozier
10386,Saradomin d'hide body
19933,Saradomin d'hide boots
23191,Saradomin d'hide shield
13163,Saradomin dragonhide set
2665,Saradomin full helm
11806,Saradomin godsword
20074,Saradomin godsword ornament kit
11814,Saradomin hilt
2667,Saradomin kiteshield
10452,Saradomin mitre
6762,Saradomin mjolnir
3827,Saradomin page 1
3828,Saradomin page 2
3829,Saradomin page 3
3830,Saradomin page 4
2661,Saradomin platebody
2663,Saradomin platelegs
3479,Saradomin plateskirt
10464,Saradomin robe legs
10458,Saradomin robe top
10470,Saradomin stole
11838,Saradomin sword
13256,Saradomin's light
12804,Saradomin's tear
325,Sardine
8794,Saw
7078,Scrambled egg
22486,Scythe of vitur (uncharged)
397,Sea turtle
1552,Seasoned sardine
401,Seaweed
21490,Seaweed spore
5329,Secateurs
9003,Security book
5343,Seed dibber
6724,Seercull
6731,Seers ring
12782,Senntisten teleport
12929,Serpentine helm (uncharged)
12927,Serpentine visage
3414,Serum 207 (1)
3412,Serum 207 (2)
3410,Serum 207 (3)
3408,Serum 207 (4)
548,Shade robe
546,Shade robe top
3123,Shaikahan bones
21838,Shaman mask
1854,Shantay pass
385,Shark
8596,Shaving stand
20263,Shayzien banner
20125,Shayzien hood
19955,Shayzien scarf
1735,Shears
2366,Shield left half
2368,Shield right half
621,Ship ticket
5032,Shirt
5030,Shirt
5034,Shirt
8610,Shoe box
2080,Short green guy
841,Shortbow
50,Shortbow (u)
5042,Shorts
5044,Shorts
5046,Shorts
23300,Shoulder parrot
315,Shrimps
11205,Shrunk ogleroot
2976,Sickle mould
950,Silk
2355,Silver bar
9145,Silver bolts
9292,Silver bolts (p)
9299,Silver bolts (p+)
9306,Silver bolts (p++)
9382,Silver bolts (unf)
7650,Silver dust
442,Silver ore
2961,Silver sickle
9436,Sinew
993,Sinister key
6147,Skeletal boots
6141,Skeletal bottoms
6153,Skeletal gloves
6137,Skeletal helm
6139,Skeletal top
22006,Skeletal visage
7443,Skewer
6305,Skewer stick
11113,Skills necklace
11105,Skills necklace(4)
11968,Skills necklace(6)
5050,Skirt
5052,Skirt
5048,Skirt
6163,Skull piece
10952,Slayer bell
21257,Slayer's enchantment
5759,Slayer's respite
5841,Slayer's respite(4)
5761,Slayer's respite(m)
5921,Slayer's respite(m4)
4170,Slayer's staff
10398,Sleeping cap
3162,Sliced banana
7080,Sliced mushrooms
8441,Small box hedge
303,Small fishing net
11998,Smoke battlestaff
4697,Smoke rune
13233,Smouldering stone
7801,Snake hide
6287,Snake hide
6289,Snakeskin
6326,Snakeskin bandana
6322,Snakeskin body
6328,Snakeskin boots
6324,Snakeskin chaps
22272,Snakeskin shield
6330,Snakeskin vambraces
3000,Snapdragon
3004,Snapdragon potion (unf)
5300,Snapdragon seed
231,Snape grass
22879,Snape grass seed
10016,Snowy knight
1781,Soda ash
1761,Soft clay
566,Soul rune
952,Spade
7439,Spatula
12823,Spectral sigil
12821,Spectral spirit shield
2007,Spice
2213,Spicy crunchies
9996,Spicy minced meat
7072,Spicy sauce
9994,Spicy tomato
6291,Spider carcass
6299,Spider on shaft
6297,Spider on stick
3107,Spiked boots
23389,Spiked manacles
10077,Spiky vambraces
1969,Spinach roll
6133,Spined body
6143,Spined boots
6135,Spined chaps
6149,Spined gloves
6131,Spined helm
4551,Spiny helmet
12829,Spirit shield
10812,Split log
3387,Splitbark body
3393,Splitbark boots
3391,Splitbark gauntlets
3385,Splitbark helm
3389,Splitbark legs
7437,Spork
10069,Spotted cape
10125,Spotted kebbit fur
10071,Spottier cape
1379,Staff
1381,Staff of air
24144,Staff of balance
23363,Staff of bob the cat
1385,Staff of earth
1387,Staff of fire
22296,Staff of light
11791,Staff of the dead
1383,Staff of water
20590,Stale baguette
12635,Stamina mix(1)
12633,Stamina mix(2)
12631,Stamina potion(1)
12629,Stamina potion(2)
12627,Stamina potion(3)
12625,Stamina potion(4)
22622,Statius's warhammer
11787,Steam battlestaff
4694,Steam rune
12798,Steam staff upgrade kit
1311,Steel 2h sword
886,Steel arrow
887,Steel arrow(p)
5618,Steel arrow(p+)
5624,Steel arrow(p++)
41,Steel arrowtips
1353,Steel axe
2353,Steel bar
1365,Steel battleaxe
9141,Steel bolts
9288,Steel bolts (p)
9295,Steel bolts (p+)
9302,Steel bolts (p++)
9378,Steel bolts (unf)
4123,Steel boots
4783,Steel brutal
1105,Steel chainbody
3097,Steel claws
9179,Steel crossbow
9459,Steel crossbow (u)
1207,Steel dagger
1223,Steel dagger(p)
5672,Steel dagger(p+)
5690,Steel dagger(p++)
808,Steel dart
821,Steel dart tip
814,Steel dart(p)
5630,Steel dart(p+)
5637,Steel dart(p++)
12367,Steel dragon mask
1157,Steel full helm
20178,Steel full helm (g)
20193,Steel full helm (t)
20382,Steel gold-trimmed set (lg)
20385,Steel gold-trimmed set (sk)
3194,Steel halberd
11371,Steel hasta
11393,Steel hasta(p)
11396,Steel hasta(p+)
11398,Steel hasta(p++)
827,Steel javelin
19574,Steel javelin heads
833,Steel javelin(p)
5644,Steel javelin(p+)
5650,Steel javelin(p++)
1193,Steel kiteshield
20181,Steel kiteshield (g)
20196,Steel kiteshield (t)
865,Steel knife
872,Steel knife(p)
5656,Steel knife(p+)
5663,Steel knife(p++)
9425,Steel limbs
1295,Steel longsword
1424,Steel mace
1141,Steel med helm
1539,Steel nails
1269,Steel pickaxe
1119,Steel platebody
20169,Steel platebody (g)
20184,Steel platebody (t)
1069,Steel platelegs
20172,Steel platelegs (g)
20187,Steel platelegs (t)
1083,Steel plateskirt
20175,Steel plateskirt (g)
20190,Steel plateskirt (t)
1325,Steel scimitar
12984,Steel set (lg)
12986,Steel set (sk)
1241,Steel spear
1255,Steel spear(p)
5708,Steel spear(p+)
5722,Steel spear(p++)
1177,Steel sq shield
2370,Steel studs
1281,Steel sword
802,Steel thrownaxe
20376,Steel trimmed set (lg)
20379,Steel trimmed set (sk)
1339,Steel warhammer
2003,Stew
9030,Stone scarab
9042,Stone seal
9038,Stone statuette
22601,Stony basalt
464,Strange fruit
5406,Strawberries(5)
5504,Strawberry
5323,Strawberry seed
10364,Strength amulet (t)
11441,Strength mix(1)
11443,Strength mix(2)
119,Strength potion(1)
117,Strength potion(2)
115,Strength potion(3)
113,Strength potion(4)
6173,Stretched hide
10087,Stripy feather
7110,Stripy pirate shirt
7122,Stripy pirate shirt
7128,Stripy pirate shirt
7134,Stripy pirate shirt
9004,Stronghold notes
10132,Strung rabbit foot
1133,Studded body
7362,Studded body (g)
7364,Studded body (t)
1097,Studded chaps
7366,Studded chaps (g)
7368,Studded chaps (t)
21626,Sulliuscep cap
7218,Summer pie
21997,Super antifire mix(1)
21994,Super antifire mix(2)
21987,Super antifire potion(1)
21984,Super antifire potion(2)
21981,Super antifire potion(3)
21978,Super antifire potion(4)
149,Super attack(1)
147,Super attack(2)
145,Super attack(3)
2436,Super attack(4)
12701,Super combat potion(1)
12699,Super combat potion(2)
12697,Super combat potion(3)
12695,Super combat potion(4)
11499,Super def. mix(1)
11497,Super def. mix(2)
167,Super defence(1)
165,Super defence(2)
163,Super defence(3)
2442,Super defence(4)
11483,Super energy mix(1)
11481,Super energy mix(2)
3022,Super energy(1)
3020,Super energy(2)
3018,Super energy(3)
3016,Super energy(4)
4608,Super kebab
13066,Super potion set
11495,Super restore mix(1)
11493,Super restore mix(2)
3030,Super restore(1)
3028,Super restore(2)
3026,Super restore(3)
3024,Super restore(4)
11487,Super str. mix(1)
11485,Super str. mix(2)
161,Super strength(1)
159,Super strength(2)
157,Super strength(3)
2440,Super strength(4)
185,Superantipoison(1)
183,Superantipoison(2)
181,Superantipoison(3)
2448,Superantipoison(4)
11471,Superattack mix(1)
11469,Superattack mix(2)
6034,Supercompost
22124,Superior dragon bones
10149,Swamp lizard
1941,Swamp paste
1939,Swamp tar
2150,Swamp toad
10978,Swamp weed
7088,Sweetcorn
5986,Sweetcorn
5320,Sweetcorn seed
24219,Swift blade
373,Swordfish
12409,Tai bwo wannai teleport
8449,Tall box hedge
8447,Tall fancy hedge
2639,Tan cavalier
2187,Tangled toad's legs
12922,Tanzanite fang
253,Tarromin
95,Tarromin potion (unf)
5293,Tarromin seed
10144,Tarromin tar
10097,Tatty graahk fur
10101,Tatty kyatt fur
10093,Tatty larupia fur
22593,Te salt
6912,Teacher wand
8506,Teak armchair
9860,Teak armour case
8582,Teak bed
21521,Teak bird house
9844,Teak cape rack
8592,Teak clock
8568,Teak dining bench
8616,Teak drawers
8602,Teak dresser
9866,Teak fancy dress box
8532,Teak kitchen table
6333,Teak logs
9854,Teak magic wardrobe
8780,Teak plank
6211,Teak pyre logs
21477,Teak sapling
21486,Teak seed
9446,Teak stock
8554,Teak table
9850,Teak toy box
9863,Teak treasure chest
8618,Teak wardrobe
2924,Teal boots
2932,Teal gloves
2930,Teal hat
2928,Teal robe bottoms
2926,Teal robe top
20217,Team cape i
20214,Team cape x
20211,Team cape zero
4315,Team-1 cape
4333,Team-10 cape
4335,Team-11 cape
4337,Team-12 cape
4339,Team-13 cape
4341,Team-14 cape
4343,Team-15 cape
4345,Team-16 cape
4347,Team-17 cape
4349,Team-18 cape
4351,Team-19 cape
4317,Team-2 cape
4353,Team-20 cape
4355,Team-21 cape
4357,Team-22 cape
4359,Team-23 cape
4361,Team-24 cape
4363,Team-25 cape
4365,Team-26 cape
4367,Team-27 cape
4369,Team-28 cape
4371,Team-29 cape
4319,Team-3 cape
4373,Team-30 cape
4375,Team-31 cape
4377,Team-32 cape
4379,Team-33 cape
4381,Team-34 cape
4383,Team-35 cape
4385,Team-36 cape
4387,Team-37 cape
4389,Team-38 cape
4391,Team-39 cape
4321,Team-4 cape
4393,Team-40 cape
4395,Team-41 cape
4397,Team-42 cape
4399,Team-43 cape
4401,Team-44 cape
4403,Team-45 cape
4405,Team-46 cape
4407,Team-47 cape
4409,Team-48 cape
4411,Team-49 cape
4323,Team-5 cape
4413,Team-50 cape
4325,Team-6 cape
4327,Team-7 cape
4329,Team-8 cape
4331,Team-9 cape
10029,Teasing stick
13658,Teleport card
8013,Teleport to house
22552,Thammaron's sceptre (u)
6285,Thatch spar dense
6281,Thatch spar light
6283,Thatch spar med
23224,Thieving bag
3363,Thin snail
3369,Thin snail meat
8437,Thorny hedge
1734,Thread
5525,Tiara
5523,Tiara mould
8837,Timber beam
438,Tin ore
590,Tinderbox
2255,Toad batta
2217,Toad crunchies
2152,Toad's legs
2998,Toadflax
3002,Toadflax potion (unf)
5296,Toadflax seed
6524,Toktz-ket-xil
6526,Toktz-mej-tal
6523,Toktz-xil-ak
6525,Toktz-xil-ek
6522,Toktz-xil-ul
1982,Tomato
5322,Tomato seed
5968,Tomatoes(5)
20716,Tome of fire (empty)
985,Tooth half of key
12432,Top hat
12434,Top hat & monocle
21114,Topaz amulet
21105,Topaz amulet (u)
9188,Topaz bolt tips
9336,Topaz bolts
9239,Topaz bolts (e)
21123,Topaz bracelet
21961,Topaz dragon bolts
21938,Topaz dragon bolts (e)
21096,Topaz necklace
21087,Topaz ring
8443,Topiary hedge
12879,Torag's armour set
4747,Torag's hammers
4962,Torag's hammers 0
4745,Torag's helm
4956,Torag's helm 0
4749,Torag's platebody
4968,Torag's platebody 0
4751,Torag's platelegs
4974,Torag's platelegs 0
19544,Tormented bracelet
23348,Tormented ornament kit
21047,Torn prayer scroll
269,Torstol
111,Torstol potion (unf)
5304,Torstol seed
7939,Tortoise shell
20062,Torture ornament kit
12924,Toxic blowpipe (empty)
12902,Toxic staff (uncharged)
7771,Toy cat
7763,Toy doll
7765,Toy doll (wound)
7767,Toy mouse
7769,Toy mouse (wound)
7759,Toy soldier
7761,Toy soldier (wound)
6306,Trading sticks
12605,Treasonous ring
6962,Triangle sandwich
6335,Tribal mask
6337,Tribal mask
6339,Tribal mask
6361,Tribal top
6371,Tribal top
6341,Tribal top
6351,Tribal top
11905,Trident of the seas (full)
5040,Trousers
5036,Trousers
5038,Trousers
333,Trout
24187,Trouver parchment
361,Tuna
7068,Tuna and corn
7060,Tuna potato
634,Turquoise boots
664,Turquoise hat
654,Turquoise robe bottoms
644,Turquoise robe top
24413,Twisted banner
24463,Twisted blueprints
24411,Twisted boots (t1)
24403,Twisted boots (t2)
24393,Twisted boots (t3)
20997,Twisted bow
21000,Twisted buckler
24395,Twisted cane
24407,Twisted coat (t1)
24399,Twisted coat (t2)
24389,Twisted coat (t3)
24405,Twisted hat (t1)
24397,Twisted hat (t2)
24387,Twisted hat (t3)
24466,Twisted horns
24469,Twisted relichunter (t1) armour set
24472,Twisted relichunter (t2) armour set
24475,Twisted relichunter (t3) armour set
24460,Twisted teleport scroll
24409,Twisted trousers (t1)
24401,Twisted trousers (t2)
24391,Twisted trousers (t3)
12603,Tyrannical ring
9629,Tyras helm
6527,Tzhaar-ket-em
6528,Tzhaar-ket-om
23232,Tzhaar-ket-om ornament kit
1877,Ugthanki & onion
1879,Ugthanki & tomato
1885,Ugthanki kebab
1861,Ugthanki meat
21483,Ultracompost
1716,Unblessed symbol
12900,Uncharged toxic trident
22294,Uncharged toxic trident (e)
11908,Uncharged trident
22290,Uncharged trident (e)
2317,Uncooked apple pie
2321,Uncooked berry pie
19656,Uncooked botanical pie
22789,Uncooked dragonfruit pie
7076,Uncooked egg
2319,Uncooked meat pie
21684,Uncooked mushroom pie
1617,Uncut diamond
1631,Uncut dragonstone
1621,Uncut emerald
1627,Uncut jade
6571,Uncut onyx
1625,Uncut opal
1629,Uncut red topaz
1619,Uncut ruby
1623,Uncut sapphire
19496,Uncut zenyte
11876,Unfinished broad bolts
3406,Unfinished potion
1791,Unfired bowl
1789,Unfired pie dish
5352,Unfired plant pot
1787,Unfired pot
4438,Unfired pot lid
20223,Unholy blessing
13151,Unholy book page set
1724,Unholy symbol
237,Unicorn horn
235,Unicorn horn dust
7051,Unlit bug lantern
596,Unlit torch
567,Unpowered orb
1722,Unpowered symbol
4825,Unstrung comp bow
1720,Unstrung emblem
19607,Unstrung heavy ballista
19604,Unstrung light ballista
1714,Unstrung symbol
23255,Uri's hat
22597,Urt salt
3325,Vampyre dust
8007,Varrock teleport
2195,Veg ball
2281,Vegetable batta
12875,Verac's armour set
4757,Verac's brassard
4992,Verac's brassard 0
4755,Verac's flail
4986,Verac's flail 0
4753,Verac's helm
4980,Verac's helm 0
4759,Verac's plateskirt
4998,Verac's plateskirt 0
22613,Vesta's longsword
22610,Vesta's spear
229,Vial
22446,Vial of blood
227,Vial of water
22542,Viggora's chainmace (u)
6369,Villager armband
6347,Villager armband
6379,Villager armband
6359,Villager armband
6345,Villager hat
6355,Villager hat
6365,Villager hat
6375,Villager hat
6373,Villager robe
6363,Villager robe
6343,Villager robe
6353,Villager robe
6367,Villager sandals
6357,Villager sandals
6349,Villager sandals
6377,Villager sandals
2015,Vodka
24514,Volatile orb
21622,Volcanic ash
12771,Volcanic whip mix
9636,Vyrewatch legs
9638,Vyrewatch shoes
9634,Vyrewatch top
20232,War blessing
12802,Ward upgrade kit
3753,Warrior helm
6735,Warrior ring
8012,Watchtower teleport
1395,Water battlestaff
571,Water orb
555,Water rune
1444,Water talisman
5531,Water tiara
5331,Watering can
5982,Watermelon
5321,Watermelon seed
5984,Watermelon slice
1831,Waterskin(0)
1823,Waterskin(4)
23387,Watson teleport
187,Weapon poison
5937,Weapon poison(+)
5940,Weapon poison(++)
6055,Weeds
19623,West ardougne teleport
2017,Whisky
6609,White 2h sword
1005,White apron
6589,White battleaxe
1476,White bead
2637,White beret
239,White berries
12313,White boater
6619,White boots
12321,White cavalier
6615,White chainbody
6587,White claws
6591,White dagger
6593,White dagger(p)
6595,White dagger(p+)
6597,White dagger(p++)
12763,White dark bow paint
10420,White elegant blouse
10422,White elegant skirt
10327,White firelighter
2474,White flowers
6623,White full helm
6629,White gloves
6599,White halberd
12299,White headband
6633,White kiteshield
22932,White lily
22887,White lily seed
6607,White longsword
6601,White mace
6603,White magic staff
6621,White med helm
1048,White partyhat
6617,White platebody
6625,White platelegs
6627,White plateskirt
6611,White scimitar
6631,White sq shield
6605,White sword
2522,White toy horsey
20269,White unicorn mask
6613,White warhammer
5105,Whiteberry seed
7208,Wild pie
6002,Wildblood hops
5311,Wildblood seed
24251,Wilderness crabs teleport
21518,Willow bird house
4600,Willow blackjack
6414,Willow blackjack(d)
6412,Willow blackjack(o)
5933,Willow branch
10280,Willow comp bow
1519,Willow logs
847,Willow longbow
58,Willow longbow (u)
3442,Willow pyre logs
6045,Willow roots
5371,Willow sapling
5313,Willow seed
22254,Willow shield
849,Willow shortbow
60,Willow shortbow (u)
9444,Willow stock
245,Wine of zamorak
2054,Wizard blizzard
2579,Wizard boots
1017,Wizard hat
1907,Wizard's mind bomb
1793,Woad leaf
5099,Woad seed
2859,Wolf bones
23410,Wolf cloak
23407,Wolf mask
2861,Wolfbone arrowtips
10055,Wood camo legs
10053,Wood camo top
8548,Wood dining table
8576,Wooden bed
8562,Wooden bench
10891,Wooden cat
8498,Wooden chair
1171,Wooden shield
20166,Wooden shield (g)
7433,Wooden spoon
9440,Wooden stock
1737,Wool
2253,Worm batta
2205,Worm crunchies
2191,Worm hole
5028,Woven top
5026,Woven top
5024,Woven top
2341,Wrapped oomlie
21880,Wrath rune
22118,Wrath talisman
22121,Wrath tiara
22780,Wyrm bones
6812,Wyvern bones
21637,Wyvern visage
13383,Xerician fabric
13385,Xerician hat
13389,Xerician robe
13387,Xerician top
10818,Yak-hide
10824,Yak-hide armour
10822,Yak-hide armour
5998,Yanillian hops
5309,Yanillian seed
1472,Yellow bead
2914,Yellow boots
1023,Yellow cape
12761,Yellow dark bow paint
1765,Yellow dye
10090,Yellow feather
2466,Yellow flowers
2922,Yellow gloves
2920,Yellow hat
1040,Yellow partyhat
2918,Yellow robe bottoms
2916,Yellow robe top
22198,Yew bird house
10282,Yew comp bow
1515,Yew logs
855,Yew longbow
66,Yew longbow (u)
3446,Yew pyre logs
6049,Yew roots
5373,Yew sapling
5315,Yew seed
22260,Yew shield
857,Yew shortbow
68,Yew shortbow (u)
9452,Yew stock
11240,Young impling jar
23908,Zalcano shard
13044,Zamorak armour set (lg)
13046,Zamorak armour set (sk)
10368,Zamorak bracers
193,Zamorak brew(1)
191,Zamorak brew(2)
189,Zamorak brew(3)
2450,Zamorak brew(4)
10372,Zamorak chaps
10450,Zamorak cloak
10374,Zamorak coif
10444,Zamorak crozier
10370,Zamorak d'hide body
19936,Zamorak d'hide boots
23194,Zamorak d'hide shield
13161,Zamorak dragonhide set
2657,Zamorak full helm
11808,Zamorak godsword
20077,Zamorak godsword ornament kit
11816,Zamorak hilt
2659,Zamorak kiteshield
10456,Zamorak mitre
11523,Zamorak mix(1)
11521,Zamorak mix(2)
6764,Zamorak mjolnir
1033,Zamorak monk bottom
1035,Zamorak monk top
3831,Zamorak page 1
3832,Zamorak page 2
3833,Zamorak page 3
3834,Zamorak page 4
2653,Zamorak platebody
2655,Zamorak platelegs
3478,Zamorak plateskirt
10468,Zamorak robe legs
10460,Zamorak robe top
10474,Zamorak stole
20749,Zamorak's grapes
11889,Zamorakian hasta
11824,Zamorakian spear
19493,Zenyte
19541,Zenyte amulet
19501,Zenyte amulet (u)
19532,Zenyte bracelet
19535,Zenyte necklace
19538,Zenyte ring
19529,Zenyte shard
4812,Zogre bones
19912,Zombie head
12938,Zul-andra teleport
12934,Zulrah's scales
22647,Zuriel's staff
